-- phpMyAdmin SQL Dump
-- version 4.1.14
-- http://www.phpmyadmin.net
--
-- Host: 127.0.0.1
-- Generation Time: 26-Dez-2015 às 22:28
-- Versão do servidor: 5.6.17
-- PHP Version: 5.5.12

SET SQL_MODE = "NO_AUTO_VALUE_ON_ZERO";
SET time_zone = "+00:00";


/*!40101 SET @OLD_CHARACTER_SET_CLIENT=@@CHARACTER_SET_CLIENT */;
/*!40101 SET @OLD_CHARACTER_SET_RESULTS=@@CHARACTER_SET_RESULTS */;
/*!40101 SET @OLD_COLLATION_CONNECTION=@@COLLATION_CONNECTION */;
/*!40101 SET NAMES utf8 */;

--
-- Database: `ze`
--

-- --------------------------------------------------------

--
-- Estrutura da tabela `categories`
--

CREATE TABLE IF NOT EXISTS `categories` (
  `id` int(10) unsigned NOT NULL AUTO_INCREMENT,
  `name` varchar(255) COLLATE utf8_unicode_ci NOT NULL,
  `enable` tinyint(1) NOT NULL DEFAULT '1',
  `created_at` timestamp NOT NULL DEFAULT '0000-00-00 00:00:00',
  `updated_at` timestamp NOT NULL DEFAULT '0000-00-00 00:00:00',
  PRIMARY KEY (`id`)
) ENGINE=InnoDB  DEFAULT CHARSET=utf8 COLLATE=utf8_unicode_ci AUTO_INCREMENT=9667 ;

--
-- Extraindo dados da tabela `categories`
--

INSERT INTO `categories` (`id`, `name`, `enable`, `created_at`, `updated_at`) VALUES
(1, 'Eletrônicos', 1, '2015-12-05 01:47:00', '2015-12-05 01:47:00'),
(2, 'Informática', 1, '2015-12-05 01:47:00', '2015-12-05 01:47:00'),
(116, 'Eletrodomésticos', 1, '2015-12-05 01:47:00', '2015-12-05 01:47:00'),
(179, 'Brinquedos', 0, '2015-12-05 01:47:00', '2015-12-05 01:47:00'),
(246, 'Flores, Cestas e Presentes', 0, '2015-12-05 01:47:00', '2015-12-05 01:47:00'),
(247, 'Pet Shop', 0, '2015-12-05 01:47:01', '2015-12-05 01:47:01'),
(249, 'Perfumaria e Cosméticos', 0, '2015-12-05 01:47:01', '2015-12-05 01:47:01'),
(486, 'Alimentos e Bebidas', 0, '2015-12-05 01:46:59', '2015-12-05 01:46:59'),
(1328, 'Esporte e Lazer', 0, '2015-12-05 01:47:00', '2015-12-05 01:47:00'),
(2376, 'Games', 1, '2015-12-05 01:47:00', '2015-12-05 01:47:00'),
(2468, 'Moda e Acessórios', 0, '2015-12-05 01:47:00', '2015-12-05 01:47:00'),
(2701, 'Casa e Decoração', 0, '2015-12-05 01:47:00', '2015-12-05 01:47:00'),
(2792, 'Instrumentos Musicais', 0, '2015-12-05 01:47:00', '2015-12-05 01:47:00'),
(2921, 'CDs', 1, '2015-12-05 01:47:00', '2015-12-05 01:47:00'),
(2922, 'DVDs', 1, '2015-12-05 01:47:00', '2015-12-05 01:47:00'),
(2949, 'Saúde', 0, '2015-12-05 01:47:01', '2015-12-05 01:47:01'),
(3000, 'Sex Shop', 0, '2015-12-05 01:47:01', '2015-12-05 01:47:01'),
(3154, 'VHS', 0, '2015-12-05 01:47:01', '2015-12-05 01:47:01'),
(3473, 'Bebês e Cia', 0, '2015-12-05 01:47:00', '2015-12-05 01:47:00'),
(3482, 'Livros', 0, '2015-12-05 01:47:00', '2015-12-05 01:47:00'),
(3484, 'Papelaria e Escritório', 0, '2015-12-05 01:47:01', '2015-12-05 01:47:01'),
(3561, 'Tabacaria', 0, '2015-12-05 01:47:01', '2015-12-05 01:47:01'),
(3841, 'Automóveis e Veículos', 0, '2015-12-05 01:47:00', '2015-12-05 01:47:00'),
(5833, 'Natal', 0, '2015-12-05 01:47:01', '2015-12-05 01:47:01'),
(5845, 'Serviços', 0, '2015-12-05 01:47:01', '2015-12-05 01:47:01'),
(5884, 'Páscoa', 0, '2015-12-05 01:47:01', '2015-12-05 01:47:01'),
(5910, 'Construção e Ferramentas', 0, '2015-12-05 01:47:00', '2015-12-05 01:47:00'),
(6016, 'Artigos Religiosos', 0, '2015-12-05 01:46:59', '2015-12-05 01:46:59'),
(6108, 'Assinaturas e Revistas', 0, '2015-12-05 01:46:59', '2015-12-05 01:46:59'),
(6150, 'Combustíveis', 0, '2015-12-05 01:47:00', '2015-12-05 01:47:00'),
(6420, 'Telefonia', 1, '2015-12-05 01:47:01', '2015-12-05 01:47:01'),
(6586, 'Turismo', 0, '2015-12-05 01:47:01', '2015-12-05 01:47:01'),
(7425, 'Arte e Antiguidade', 0, '2015-12-05 01:46:59', '2015-12-05 01:46:59'),
(7426, 'Indústria, Comércio e Negócios', 0, '2015-12-05 01:47:00', '2015-12-05 01:47:00'),
(7606, 'Música Digital', 0, '2015-12-05 01:47:00', '2015-12-05 01:47:00'),
(8050, 'Colecionáveis', 0, '2015-12-05 01:47:00', '2015-12-05 01:47:00'),
(9143, 'Discos de Vinil', 0, '2015-12-05 01:47:00', '2015-12-05 01:47:00'),
(9360, 'Volta às Aulas', 0, '2015-12-05 01:47:01', '2015-12-05 01:47:01'),
(9549, 'Imóveis', 0, '2015-12-05 01:47:00', '2015-12-05 01:47:00'),
(9595, 'Mundial de Futebol', 0, '2015-12-05 01:47:00', '2015-12-05 01:47:00'),
(9617, 'Jóias e Relógios', 0, '2015-12-05 01:47:00', '2015-12-05 01:47:00'),
(9627, 'Fotografia', 0, '2015-12-05 01:47:00', '2015-12-05 01:47:00'),
(9633, 'HD-DVD', 1, '2015-12-05 01:47:00', '2015-12-05 01:47:00'),
(9634, 'Blu-Ray', 1, '2015-12-05 01:47:00', '2015-12-05 01:47:00'),
(9666, 'Dia das Mães', 0, '2015-12-05 01:47:00', '2015-12-05 01:47:00');

-- --------------------------------------------------------

--
-- Estrutura da tabela `manufacturers`
--

CREATE TABLE IF NOT EXISTS `manufacturers` (
  `id` int(10) unsigned NOT NULL AUTO_INCREMENT,
  `name` varchar(255) COLLATE utf8_unicode_ci NOT NULL,
  `created_at` timestamp NOT NULL DEFAULT '0000-00-00 00:00:00',
  `updated_at` timestamp NOT NULL DEFAULT '0000-00-00 00:00:00',
  PRIMARY KEY (`id`)
) ENGINE=InnoDB  DEFAULT CHARSET=utf8 COLLATE=utf8_unicode_ci AUTO_INCREMENT=184 ;

--
-- Extraindo dados da tabela `manufacturers`
--

INSERT INTO `manufacturers` (`id`, `name`, `created_at`, `updated_at`) VALUES
(2, 'Philips', '2015-12-22 03:49:11', '2015-12-22 03:49:11'),
(3, 'LG', '2015-12-22 03:49:11', '2015-12-22 03:49:11'),
(4, 'Sony', '2015-12-22 03:49:11', '2015-12-22 03:49:11'),
(5, 'Philco', '2015-12-22 03:49:11', '2015-12-22 03:49:11'),
(6, 'Lenoxx', '2015-12-22 03:49:11', '2015-12-22 03:49:11'),
(7, 'Tectoy', '2015-12-22 03:49:11', '2015-12-22 03:49:11'),
(8, 'Mondial', '2015-12-22 03:49:11', '2015-12-22 03:49:11'),
(9, 'Casio', '2015-12-22 03:49:11', '2015-12-22 03:49:11'),
(10, 'HP', '2015-12-22 03:49:11', '2015-12-22 03:49:11'),
(11, 'Procalc', '2015-12-22 03:49:11', '2015-12-22 03:49:11'),
(12, 'Tilibra', '2015-12-22 03:49:11', '2015-12-22 03:49:11'),
(13, 'Truly', '2015-12-22 03:49:11', '2015-12-22 03:49:11'),
(14, 'Elgin', '2015-12-22 03:49:11', '2015-12-22 03:49:11'),
(15, 'BRTC', '2015-12-22 03:49:11', '2015-12-22 03:49:11'),
(16, 'Zeta', '2015-12-22 03:49:11', '2015-12-22 03:49:11'),
(17, 'Samsung', '2015-12-22 03:49:11', '2015-12-22 03:49:11'),
(18, 'Panasonic', '2015-12-22 03:49:12', '2015-12-22 03:49:12'),
(19, 'AOC', '2015-12-22 03:49:12', '2015-12-22 03:49:12'),
(20, 'Amazon', '2015-12-22 03:49:12', '2015-12-22 03:49:12'),
(21, 'Gato Sabido', '2015-12-22 03:49:12', '2015-12-22 03:49:12'),
(22, 'Positivo', '2015-12-22 03:49:12', '2015-12-22 03:49:12'),
(23, 'E-Ink', '2015-12-22 03:49:12', '2015-12-22 03:49:12'),
(24, 'Kobo', '2015-12-22 03:49:12', '2015-12-22 03:49:12'),
(25, 'Saraiva', '2015-12-22 03:49:12', '2015-12-22 03:49:12'),
(26, 'Western', '2015-12-22 03:49:12', '2015-12-22 03:49:12'),
(27, 'Seagate', '2015-12-22 03:49:12', '2015-12-22 03:49:12'),
(28, 'Zinwell', '2015-12-22 03:49:12', '2015-12-22 03:49:12'),
(29, 'D-Link', '2015-12-22 03:49:12', '2015-12-22 03:49:12'),
(30, 'Apple', '2015-12-22 03:49:12', '2015-12-22 03:49:12'),
(31, 'Multilaser', '2015-12-22 03:49:12', '2015-12-22 03:49:12'),
(32, 'Feasso', '2015-12-22 03:49:12', '2015-12-22 03:49:12'),
(33, 'Gradiente', '2015-12-22 03:49:12', '2015-12-22 03:49:12'),
(34, 'Google', '2015-12-22 03:49:12', '2015-12-22 03:49:12'),
(35, 'Lenovo', '2015-12-22 03:49:12', '2015-12-22 03:49:12'),
(36, 'BenQ', '2015-12-22 03:49:12', '2015-12-22 03:49:12'),
(37, 'Dell', '2015-12-22 03:49:12', '2015-12-22 03:49:12'),
(38, 'Sanyo', '2015-12-22 03:49:12', '2015-12-22 03:49:12'),
(39, 'Epson', '2015-12-22 03:49:12', '2015-12-22 03:49:12'),
(40, 'Microsoft', '2015-12-22 03:49:13', '2015-12-22 03:49:13'),
(41, 'Bright', '2015-12-22 03:49:13', '2015-12-22 03:49:13'),
(42, 'C3', '2015-12-22 03:49:13', '2015-12-22 03:49:13'),
(43, 'Logitech', '2015-12-22 03:49:13', '2015-12-22 03:49:13'),
(44, 'Fujitsu', '2015-12-22 03:49:13', '2015-12-22 03:49:13'),
(45, 'Sunfire', '2015-12-22 03:49:13', '2015-12-22 03:49:13'),
(46, 'Iris', '2015-12-22 03:49:13', '2015-12-22 03:49:13'),
(47, 'ION', '2015-12-22 03:49:13', '2015-12-22 03:49:13'),
(48, 'Digibraz', '2015-12-22 03:49:13', '2015-12-22 03:49:13'),
(50, 'Multifuncional', '2015-12-22 03:49:13', '2015-12-22 03:49:13'),
(51, 'Candide', '2015-12-22 03:49:13', '2015-12-22 03:49:13'),
(52, 'Electrolux', '2015-12-22 03:49:13', '2015-12-22 03:49:13'),
(53, 'Black', '2015-12-22 03:49:13', '2015-12-22 03:49:13'),
(54, 'Hamilton', '2015-12-22 03:49:13', '2015-12-22 03:49:13'),
(55, 'Arno', '2015-12-22 03:49:13', '2015-12-22 03:49:13'),
(56, 'Planet', '2015-12-22 03:49:13', '2015-12-22 03:49:13'),
(57, 'Orbital', '2015-12-22 03:49:13', '2015-12-22 03:49:13'),
(58, 'Port', '2015-12-22 03:49:13', '2015-12-22 03:49:13'),
(59, 'Cadence', '2015-12-22 03:49:13', '2015-12-22 03:49:13'),
(60, 'Cuisinart', '2015-12-22 03:49:13', '2015-12-22 03:49:13'),
(61, 'Nespresso', '2015-12-22 03:49:13', '2015-12-22 03:49:13'),
(62, 'Oster', '2015-12-22 03:49:14', '2015-12-22 03:49:14'),
(63, 'Tr', '2015-12-22 03:49:14', '2015-12-22 03:49:14'),
(64, 'Suggar', '2015-12-22 03:49:14', '2015-12-22 03:49:14'),
(65, 'Fischer', '2015-12-22 03:49:14', '2015-12-22 03:49:14'),
(66, 'Brastemp', '2015-12-22 03:49:14', '2015-12-22 03:49:14'),
(67, 'Consul', '2015-12-22 03:49:14', '2015-12-22 03:49:14'),
(68, 'Mueller', '2015-12-22 03:49:14', '2015-12-22 03:49:14'),
(69, 'Latina', '2015-12-22 03:49:14', '2015-12-22 03:49:14'),
(70, 'Metalfrio', '2015-12-22 03:49:14', '2015-12-22 03:49:14'),
(71, 'Tramontina', '2015-12-22 03:49:14', '2015-12-22 03:49:14'),
(72, 'Fun', '2015-12-22 03:49:14', '2015-12-22 03:49:14'),
(73, 'NKS', '2015-12-22 03:49:14', '2015-12-22 03:49:14'),
(74, 'Batiki', '2015-12-22 03:49:14', '2015-12-22 03:49:14'),
(75, 'Fixxar', '2015-12-22 03:49:14', '2015-12-22 03:49:14'),
(76, 'George', '2015-12-22 03:49:14', '2015-12-22 03:49:14'),
(77, 'Mallory', '2015-12-22 03:49:14', '2015-12-22 03:49:14'),
(78, 'Steam', '2015-12-22 03:49:14', '2015-12-22 03:49:14'),
(79, 'Ello', '2015-12-22 03:49:15', '2015-12-22 03:49:15'),
(80, 'KITCHENAID', '2015-12-22 03:49:15', '2015-12-22 03:49:15'),
(81, 'Torradeira', '2015-12-22 03:49:15', '2015-12-22 03:49:15'),
(82, 'Singer', '2015-12-22 03:49:15', '2015-12-22 03:49:15'),
(83, 'Janome', '2015-12-22 03:49:15', '2015-12-22 03:49:15'),
(84, 'Grill', '2015-12-22 03:49:15', '2015-12-22 03:49:15'),
(85, 'Grill/Sanduicheira', '2015-12-22 03:49:15', '2015-12-22 03:49:15'),
(86, 'Sanduicheira', '2015-12-22 03:49:15', '2015-12-22 03:49:15'),
(87, 'Omeleteira', '2015-12-22 03:49:15', '2015-12-22 03:49:15'),
(88, 'Intech', '2015-12-22 03:49:15', '2015-12-22 03:49:15'),
(89, 'Schulz', '2015-12-22 03:49:15', '2015-12-22 03:49:15'),
(90, 'K', '2015-12-22 03:49:15', '2015-12-22 03:49:15'),
(91, 'Wap', '2015-12-22 03:49:15', '2015-12-22 03:49:15'),
(92, 'Goodyear', '2015-12-22 03:49:15', '2015-12-22 03:49:15'),
(93, 'Michelin', '2015-12-22 03:49:15', '2015-12-22 03:49:15'),
(94, 'Delonghi', '2015-12-22 03:49:15', '2015-12-22 03:49:15'),
(95, 'Ventisol', '2015-12-22 03:49:15', '2015-12-22 03:49:15'),
(96, 'Freeway', '2015-12-22 03:49:15', '2015-12-22 03:49:15'),
(97, 'Lavor', '2015-12-22 03:49:15', '2015-12-22 03:49:15'),
(98, 'Steamfast', '2015-12-22 03:49:15', '2015-12-22 03:49:15'),
(99, 'West', '2015-12-22 03:49:15', '2015-12-22 03:49:15'),
(100, 'SteamMax', '2015-12-22 03:49:15', '2015-12-22 03:49:15'),
(101, 'Chuveiro', '2015-12-22 03:49:16', '2015-12-22 03:49:16'),
(102, 'Ducha', '2015-12-22 03:49:16', '2015-12-22 03:49:16'),
(103, 'Springer', '2015-12-22 03:49:16', '2015-12-22 03:49:16'),
(104, 'Olimpia', '2015-12-22 03:49:16', '2015-12-22 03:49:16'),
(105, 'Midea', '2015-12-22 03:49:16', '2015-12-22 03:49:16'),
(106, 'Spirit', '2015-12-22 03:49:16', '2015-12-22 03:49:16'),
(107, 'Aliseu', '2015-12-22 03:49:16', '2015-12-22 03:49:16'),
(108, 'Refrigerador', '2015-12-22 03:49:16', '2015-12-22 03:49:16'),
(109, 'IBBL', '2015-12-22 03:49:16', '2015-12-22 03:49:16'),
(110, 'Esmaltec', '2015-12-22 03:49:16', '2015-12-22 03:49:16'),
(111, 'Masterfrio', '2015-12-22 03:49:16', '2015-12-22 03:49:16'),
(112, 'Colormaq', '2015-12-22 03:49:16', '2015-12-22 03:49:16'),
(113, 'Polar', '2015-12-22 03:49:16', '2015-12-22 03:49:16'),
(114, 'Frigobar', '2015-12-22 03:49:16', '2015-12-22 03:49:16'),
(115, 'Cervejeira', '2015-12-22 03:49:16', '2015-12-22 03:49:16'),
(116, 'Easy', '2015-12-22 03:49:16', '2015-12-22 03:49:16'),
(117, 'Lorenzetti', '2015-12-22 03:49:16', '2015-12-22 03:49:16'),
(118, 'Komeco', '2015-12-22 03:49:16', '2015-12-22 03:49:16'),
(119, 'KDT', '2015-12-22 03:49:17', '2015-12-22 03:49:17'),
(120, 'Bosch', '2015-12-22 03:49:17', '2015-12-22 03:49:17'),
(121, 'Falmec', '2015-12-22 03:49:17', '2015-12-22 03:49:17'),
(122, 'Arix', '2015-12-22 03:49:17', '2015-12-22 03:49:17'),
(123, 'Dellar', '2015-12-22 03:49:17', '2015-12-22 03:49:17'),
(124, 'Logic', '2015-12-22 03:49:17', '2015-12-22 03:49:17'),
(125, 'Honeywell', '2015-12-22 03:49:17', '2015-12-22 03:49:17'),
(126, 'Layr', '2015-12-22 03:49:17', '2015-12-22 03:49:17'),
(127, 'Venax', '2015-12-22 03:49:17', '2015-12-22 03:49:17'),
(128, 'Marchesoni', '2015-12-22 03:49:17', '2015-12-22 03:49:17'),
(129, 'Back', '2015-12-22 03:49:17', '2015-12-22 03:49:17'),
(130, 'Presto', '2015-12-22 03:49:17', '2015-12-22 03:49:17'),
(131, 'Eterny', '2015-12-22 03:49:17', '2015-12-22 03:49:17'),
(132, 'Liz', '2015-12-22 03:49:17', '2015-12-22 03:49:17'),
(133, 'Vicini', '2015-12-22 03:49:17', '2015-12-22 03:49:17'),
(134, 'Krups', '2015-12-22 03:49:18', '2015-12-22 03:49:18'),
(135, 'Arbel', '2015-12-22 03:49:18', '2015-12-22 03:49:18'),
(136, 'Espressione', '2015-12-22 03:49:18', '2015-12-22 03:49:18'),
(137, 'Promac', '2015-12-22 03:49:18', '2015-12-22 03:49:18'),
(138, 'Ariete', '2015-12-22 03:49:18', '2015-12-22 03:49:18'),
(139, 'Dynasty', '2015-12-22 03:49:18', '2015-12-22 03:49:18'),
(140, 'Bon', '2015-12-22 03:49:18', '2015-12-22 03:49:18'),
(141, 'Elettromec', '2015-12-22 03:49:18', '2015-12-22 03:49:18'),
(142, 'Thermomatic', '2015-12-22 03:49:18', '2015-12-22 03:49:18'),
(143, 'T', '2015-12-22 03:49:18', '2015-12-22 03:49:18'),
(144, 'Cromatto', '2015-12-22 03:49:18', '2015-12-22 03:49:18'),
(145, 'BenMax', '2015-12-22 03:49:18', '2015-12-22 03:49:18'),
(146, 'Ricozon', '2015-12-22 03:49:18', '2015-12-22 03:49:18'),
(147, 'Kenwood', '2015-12-22 03:49:18', '2015-12-22 03:49:18'),
(148, 'Franke', '2015-12-22 03:49:18', '2015-12-22 03:49:18'),
(149, 'InSinkErator', '2015-12-22 03:49:18', '2015-12-22 03:49:18'),
(150, 'Tweeny', '2015-12-22 03:49:18', '2015-12-22 03:49:18'),
(151, 'Zeex', '2015-12-22 03:49:18', '2015-12-22 03:49:18'),
(152, 'Anodilar', '2015-12-22 03:49:18', '2015-12-22 03:49:18'),
(153, 'Ghidini', '2015-12-22 03:49:18', '2015-12-22 03:49:18'),
(154, 'Bermar', '2015-12-22 03:49:18', '2015-12-22 03:49:18'),
(155, 'Arke', '2015-12-22 03:49:18', '2015-12-22 03:49:18'),
(156, 'Izumi', '2015-12-22 03:49:18', '2015-12-22 03:49:18'),
(157, 'BTC', '2015-12-22 03:49:19', '2015-12-22 03:49:19'),
(158, 'Saitek', '2015-12-22 03:49:19', '2015-12-22 03:49:19'),
(159, 'Nintendo', '2015-12-22 03:49:19', '2015-12-22 03:49:19'),
(160, 'Integris', '2015-12-22 03:49:19', '2015-12-22 03:49:19'),
(161, 'PDP', '2015-12-22 03:49:19', '2015-12-22 03:49:19'),
(162, 'Razer', '2015-12-22 03:49:19', '2015-12-22 03:49:19'),
(163, 'Dazz', '2015-12-22 03:49:19', '2015-12-22 03:49:19'),
(164, 'THQ', '2015-12-22 03:49:19', '2015-12-22 03:49:19'),
(165, 'Techland', '0000-00-00 00:00:00', '0000-00-00 00:00:00'),
(167, 'Activision', '2015-12-22 03:49:19', '2015-12-22 03:49:19'),
(171, 'EA Sports', '2015-12-22 03:49:19', '2015-12-22 03:49:19'),
(172, 'Konami', '2015-12-22 03:49:19', '2015-12-22 03:49:19'),
(173, 'Ubisoft', '2015-12-22 03:49:19', '2015-12-22 03:49:19'),
(174, 'Epic Games', '2015-12-22 03:49:19', '2015-12-22 03:49:19'),
(175, 'Square Enix', '2015-12-22 03:49:19', '2015-12-22 03:49:19'),
(176, 'EA Games', '0000-00-00 00:00:00', '0000-00-00 00:00:00'),
(178, 'Intelbras', '2015-12-22 03:49:19', '2015-12-22 03:49:19'),
(179, 'Motorola', '2015-12-22 03:49:20', '2015-12-22 03:49:20'),
(180, 'Cobra', '2015-12-22 03:49:20', '2015-12-22 03:49:20'),
(181, 'Asus', '2015-12-22 03:49:20', '2015-12-22 03:49:20'),
(182, 'Vtech', '2015-12-22 03:49:20', '2015-12-22 03:49:20');

-- --------------------------------------------------------

--
-- Estrutura da tabela `migrations`
--

CREATE TABLE IF NOT EXISTS `migrations` (
  `migration` varchar(255) COLLATE utf8_unicode_ci NOT NULL,
  `batch` int(11) NOT NULL
) ENGINE=InnoDB DEFAULT CHARSET=utf8 COLLATE=utf8_unicode_ci;

--
-- Extraindo dados da tabela `migrations`
--

INSERT INTO `migrations` (`migration`, `batch`) VALUES
('2014_10_12_000000_create_users_table', 1),
('2014_10_12_100000_create_password_resets_table', 1),
('2015_11_29_143939_create_stores_table', 1),
('2015_12_04_182339_create_categories_table', 1),
('2015_12_04_182420_create_subcategories_table', 1),
('2015_12_21_220057_create_manufacturers_table', 1),
('2015_12_22_170510_create_products_table', 1);

-- --------------------------------------------------------

--
-- Estrutura da tabela `password_resets`
--

CREATE TABLE IF NOT EXISTS `password_resets` (
  `email` varchar(255) COLLATE utf8_unicode_ci NOT NULL,
  `token` varchar(255) COLLATE utf8_unicode_ci NOT NULL,
  `created_at` timestamp NOT NULL DEFAULT '0000-00-00 00:00:00',
  KEY `password_resets_email_index` (`email`),
  KEY `password_resets_token_index` (`token`)
) ENGINE=InnoDB DEFAULT CHARSET=utf8 COLLATE=utf8_unicode_ci;

-- --------------------------------------------------------

--
-- Estrutura da tabela `products`
--

CREATE TABLE IF NOT EXISTS `products` (
  `id` int(10) unsigned NOT NULL AUTO_INCREMENT,
  `name` varchar(255) COLLATE utf8_unicode_ci NOT NULL,
  `subcategory_id` int(10) unsigned NOT NULL,
  `manufacturer_id` int(10) unsigned DEFAULT NULL,
  `med_price` double(8,2) NOT NULL,
  `full_description` text COLLATE utf8_unicode_ci NOT NULL,
  `default_image` varchar(255) COLLATE utf8_unicode_ci NOT NULL,
  `created_at` timestamp NOT NULL DEFAULT '0000-00-00 00:00:00',
  `updated_at` timestamp NOT NULL DEFAULT '0000-00-00 00:00:00',
  PRIMARY KEY (`id`),
  KEY `products_subcategory_id_foreign` (`subcategory_id`),
  KEY `products_manufacturer_id_foreign` (`manufacturer_id`)
) ENGINE=InnoDB  DEFAULT CHARSET=utf8 COLLATE=utf8_unicode_ci AUTO_INCREMENT=618136 ;

--
-- Extraindo dados da tabela `products`
--

INSERT INTO `products` (`id`, `name`, `subcategory_id`, `manufacturer_id`, `med_price`, `full_description`, `default_image`, `created_at`, `updated_at`) VALUES
(2214, 'Suggar Master Turbo 5 Kg', 127, 64, 315.64, '', 'http://thumbs.buscape.com.br/secadora-de-roupas/suggar-master-turbo-5-kg_200x200-PU8a6_1.jpg', '2015-12-05 02:24:22', '2015-12-05 02:24:22'),
(3009, 'Electrolux The Boss Z56 100 W', 119, 52, 114.86, '', 'http://thumbs.buscape.com.br/aspirador-de-po-agua/electrolux-the-boss-z56-100-w_200x200-PUbc1_1.jpg', '2015-12-05 02:24:16', '2015-12-05 02:24:16'),
(3101, 'Electrolux FFE24 Vertical Branco', 131, 52, 2164.95, '', 'http://thumbs.buscape.com.br/freezer/electrolux-ffe24-vertical-branco_200x200-PUc1d_1.jpg', '2015-12-05 02:24:24', '2015-12-05 02:24:24'),
(4503, 'Electrolux FE26 Vertical Branco', 131, 52, 1642.94, '', 'http://thumbs.buscape.com.br/freezer/electrolux-fe26-vertical-branco_200x200-PU1197_1.jpg', '2015-12-05 02:24:23', '2015-12-05 02:24:23'),
(4524, 'Black & Decker VFA', 3852, 53, 63.28, '', 'http://thumbs.buscape.com.br/ferro-de-passar-roupas/black-decker-vfa_200x200-PU11ac_1.jpg', '2015-12-05 02:24:50', '2015-12-05 02:24:50'),
(7354, 'Frigobar Brastemp BZA08A 76 Litros Preto', 6504, 114, 1439.92, '', 'http://thumbs.buscape.com.br/frigobar/frigobar-brastemp-bza08a-76-litros-preto_200x200-PU1cba_1.jpg', '2015-12-05 02:24:57', '2015-12-05 02:24:57'),
(23858, 'Electrolux Maximus Mecânico EM10F Janela 10000 BTUs Frio', 3661, 52, 1223.07, '', 'http://thumbs.buscape.com.br/ar-condicionado/electrolux-maximus-mecanico-em10f-janela-10000-btus-frio_200x200-PU5d32_1.jpg', '2015-12-05 02:24:44', '2015-12-05 02:24:44'),
(27046, 'Electrolux FE18 Vertical Branco', 131, 52, 1102.01, '', 'http://thumbs.buscape.com.br/freezer/electrolux-fe18-vertical-branco_200x200-PU69a6_1.jpg', '2015-12-05 02:24:24', '2015-12-05 02:24:24'),
(27048, 'Electrolux FE22 Vertical Branco', 131, 52, 1372.45, '', 'http://thumbs.buscape.com.br/freezer/electrolux-fe22-vertical-branco_200x200-PU69a8_1.jpg', '2015-12-05 02:24:24', '2015-12-05 02:24:24'),
(27051, 'Electrolux H400 Horizontal Branco', 131, 52, 5703.45, '', 'http://thumbs.buscape.com.br/freezer/electrolux-h400-horizontal-branco_200x200-PU69ab_1.jpg', '2015-12-05 02:24:23', '2015-12-05 02:24:23'),
(27052, 'Electrolux H500C Horizontal Branco', 131, 52, 2212.41, '', 'http://thumbs.buscape.com.br/freezer/electrolux-h500c-horizontal-branco_200x200-PU69ac_1.jpg', '2015-12-05 02:24:23', '2015-12-05 02:24:23'),
(27062, 'Consul CHA31 Horizontal Branco', 131, 67, 1526.89, '', 'http://thumbs.buscape.com.br/freezer/consul-cha31-horizontal-branco_200x200-PU69b6_1.jpg', '2015-12-05 02:24:23', '2015-12-05 02:24:23'),
(27128, 'Consul CHB53C Horizontal Branco', 131, 67, 2517.18, '', 'http://thumbs.buscape.com.br/freezer/consul-chb53c-horizontal-branco_200x200-PU69f8_1.jpg', '2015-12-05 02:24:24', '2015-12-05 02:24:24'),
(27199, 'Electrolux Profissional GT3000 Pro GT30N 1300 W', 119, 52, 296.40, '', 'http://thumbs.buscape.com.br/aspirador-de-po-agua/electrolux-profissional-gt3000-pro-gt30n-1300-w_200x200-PU6a3f_1.jpg', '2015-12-05 02:24:16', '2015-12-05 02:24:16'),
(27805, 'Refrigerador Consul CRD37A 334 Litros Branco', 3673, 108, 1437.46, '', 'http://thumbs.buscape.com.br/geladeira-refrigerador/refrigerador-consul-crd37a-334-litros-branco_200x200-PU6c9d_1.jpg', '2015-12-05 02:24:48', '2015-12-05 02:24:48'),
(27829, 'Telefone Com Fio Intelbrás Premium', 3772, 178, 56.71, '', 'http://thumbs.buscape.com.br/aparelho-de-telefone/com-fio-intelbras-premium_200x200-PU6cb5_1.jpg', '2015-12-05 02:24:49', '2015-12-05 02:24:49'),
(28374, 'Frigobar Consul CRC12 121 Litros Branco', 6504, 114, 986.40, '', 'http://thumbs.buscape.com.br/frigobar/frigobar-consul-crc12-121-litros-branco_200x200-PU6ed6_1.jpg', '2015-12-05 02:24:57', '2015-12-05 02:24:57'),
(31039, 'Singer Ultralock 14SH754', 154, 82, 1245.25, '', 'http://thumbs.buscape.com.br/maquina-de-costura/singer-ultralock-14sh754_200x200-PU793f_1.jpg', '2015-12-05 02:24:32', '2015-12-05 02:24:32'),
(35952, 'Mondial E-01', 123, 8, 81.95, '', 'http://thumbs.buscape.com.br/espremedor-de-frutas/mondial-e-01_200x200-PU8c70_1.jpg', '2015-12-05 02:24:19', '2015-12-05 02:24:19'),
(36619, 'Mueller Solaris 8 Kg', 127, 68, 403.64, '', 'http://thumbs.buscape.com.br/secadora-de-roupas/mueller-solaris-8-kg_200x200-PU8f0b_1.jpg', '2015-12-05 02:24:22', '2015-12-05 02:24:22'),
(39259, 'Philips Walita RI133', 3852, 2, 48.47, '', 'http://thumbs.buscape.com.br/ferro-de-passar-roupas/philips-walita-ri133_200x200-PU995b_1.jpg', '2015-12-05 02:24:50', '2015-12-05 02:24:50'),
(43968, 'Mallory Boreal Security 30cm 3 Pás Mesa Parede', 3662, 77, 79.70, '', 'http://thumbs.buscape.com.br/ventilador-circulador/mallory-boreal-security-30cm-3-pas-mesa-parede_200x200-PUabc0_1.jpg', '2015-12-05 02:24:45', '2015-12-05 02:24:45'),
(44031, 'Electrolux EasyBox 1600 W', 119, 52, 348.65, '', 'http://thumbs.buscape.com.br/aspirador-de-po-agua/electrolux-easybox-1600-w_200x200-PUabff_1.jpg', '2015-12-05 02:24:15', '2015-12-05 02:24:15'),
(47590, 'HP ScanJet 5590', 2506, 10, 0.00, '', 'http://thumbs.buscape.com.br/scanner/hp-scanjet-5590_200x200-PUb9e6_1.jpg', '2015-12-05 02:24:36', '2015-12-05 02:24:36'),
(48476, 'Intelbras TWIN Fun 22 Canais 4 km', 3475, 178, 0.00, '', 'http://thumbs.buscape.com.br/walkie-talkie/intelbras-twin-fun-22-canais-4-km_200x200-PUbd5c_1.jpg', '2015-12-05 02:24:41', '2015-12-05 02:24:41'),
(49242, 'BenQ CP120', 37, 36, 4654.05, '', 'http://thumbs.buscape.com.br/projetor-multimidia/benq-cp120_200x200-PUc05a_1.jpg', '2015-12-05 02:24:10', '2015-12-05 02:24:10'),
(51387, 'Falmec Milano Apolo 90 cm Parede Aço Inox', 7594, 121, 3989.55, '', 'http://thumbs.buscape.com.br/coifa-exaustor/falmec-milano-apolo-90-cm-parede-aco-inox_200x200-PUc8bb_1.jpg', '2015-12-05 02:25:01', '2015-12-05 02:25:01'),
(51775, 'Impressora Epson FX-890 Matricial', 3606, 39, 2404.03, '', 'http://thumbs.buscape.com.br/impressora/impressora-epson-fx-890-matricial_200x200-PUca3f_1.jpg', '2015-12-05 02:24:43', '2015-12-05 02:24:43'),
(51856, 'Mueller Nina Soft 10 Kg', 127, 68, 354.00, '', 'http://thumbs.buscape.com.br/secadora-de-roupas/mueller-nina-soft-10-kg_200x200-PUca90_1.jpg', '2015-12-05 02:24:22', '2015-12-05 02:24:22'),
(52044, 'Spirit 202 Cores 2 Pás Teto', 3662, 106, 341.23, '', 'http://thumbs.buscape.com.br/ventilador-circulador/spirit-202-cores-2-pas-teto_200x200-PUcb4c_1.jpg', '2015-12-05 02:24:45', '2015-12-05 02:24:45'),
(52389, 'Oster Clássico Osterizer 4655 1,25 Litros', 3669, 62, 246.63, '', 'http://thumbs.buscape.com.br/liquidificador/oster-classico-osterizer-4655-1-25-litros_200x200-PUcca5_1.jpg', '2015-12-05 02:24:46', '2015-12-05 02:24:46'),
(57561, 'Mallory Zéfiro 3 Pás Mesa', 3662, 77, 104.33, '', 'http://thumbs.buscape.com.br/ventilador-circulador/mallory-zefiro-3-pas-mesa_200x200-PUe0d9_1.jpg', '2015-12-05 02:24:45', '2015-12-05 02:24:45'),
(58071, 'Grill George Foreman Familia GBZ4I', 157, 84, 294.81, '', 'http://thumbs.buscape.com.br/grill-eletrico-sanduicheira/grill-george-foreman-familia-gbz4i_200x200-PUe2d7_1.jpg', '2015-12-05 02:24:32', '2015-12-05 02:24:32'),
(59337, 'Grill/Sanduicheira Britânia Press Inox', 157, 85, 124.90, '', 'http://thumbs.buscape.com.br/grill-eletrico-sanduicheira/grill-sanduicheira-britania-press-inox_200x200-PUe7c9_1.jpg', '2015-12-05 02:24:33', '2015-12-05 02:24:33'),
(59704, 'Nintendo Wii', 6058, 159, 664.90, '', 'http://thumbs.buscape.com.br/console-de-videogame/nintendo-wii_200x200-PUe938_1.jpg', '2015-12-05 02:24:52', '2015-12-05 02:24:52'),
(83748, 'Ventisol Residencial Wind 3 Pás Teto', 3662, 95, 119.38, '', 'http://thumbs.buscape.com.br/ventilador-circulador/ventisol-residencial-wind-3-pas-teto_200x200-PU14724_1.jpg', '2015-12-05 02:24:45', '2015-12-05 02:24:45'),
(84226, 'Frigobar Consul CRC08 80 Litros Branco', 6504, 114, 835.67, '', 'http://thumbs.buscape.com.br/frigobar/frigobar-consul-crc08-80-litros-branco_200x200-PU14902_1.jpg', '2015-12-05 02:24:57', '2015-12-05 02:24:57'),
(86755, 'HP ScanJet G4050', 2506, 10, 0.00, '', 'http://thumbs.buscape.com.br/scanner/hp-scanjet-g4050_200x200-PU152e3_1.jpg', '2015-12-05 02:24:35', '2015-12-05 02:24:35'),
(89720, 'Microsoft VX-1000', 103, 40, 0.00, '', 'http://thumbs.buscape.com.br/webcam/microsoft-vx-1000_200x200-PU15e78_1.jpg', '2015-12-05 02:24:15', '2015-12-05 02:24:15'),
(90708, 'Bright Érebo 0033', 103, 41, 22.49, '', 'http://thumbs.buscape.com.br/webcam/bright-erebo-0033_200x200-PU16254_1.jpg', '2015-12-05 02:24:15', '2015-12-05 02:24:15'),
(92506, 'Motorola T9500 22 Canais 40 km', 3475, 179, 0.00, '', 'http://thumbs.buscape.com.br/walkie-talkie/motorola-t9500-22-canais-40-km_200x200-PU1695a_1.jpg', '2015-12-05 02:24:41', '2015-12-05 02:24:41'),
(94102, 'Fischer Amiga 5561-107 4 Kg', 127, 65, 304.50, '', 'http://thumbs.buscape.com.br/secadora-de-roupas/fischer-amiga-5561-107-4-kg_200x200-PU16f96_1.jpg', '2015-12-05 02:24:22', '2015-12-05 02:24:22'),
(97975, 'Grill George Foreman Familia GBZ4C', 157, 84, 133.88, '', 'http://thumbs.buscape.com.br/grill-eletrico-sanduicheira/grill-george-foreman-familia-gbz4c_200x200-PU17eb7_1.jpg', '2015-12-05 02:24:32', '2015-12-05 02:24:32'),
(98018, 'Telefone Com Fio Intelbrás Pleno', 3772, 178, 40.91, '', 'http://thumbs.buscape.com.br/aparelho-de-telefone/com-fio-intelbras-pleno_200x200-PU17ee2_1.jpg', '2015-12-05 02:24:49', '2015-12-05 02:24:49'),
(107550, 'Electrolux H160 Horizontal Branco', 131, 52, 1347.74, '', 'http://thumbs.buscape.com.br/freezer/electrolux-h160-horizontal-branco_200x200-PU1a41e_1.jpg', '2015-12-05 02:24:24', '2015-12-05 02:24:24'),
(110030, 'Motorola EP-450 16 Canais 3 km', 3475, 179, 0.00, '', 'http://thumbs.buscape.com.br/walkie-talkie/motorola-ep-450-16-canais-3-km_200x200-PU1adce_1.jpg', '2015-12-05 02:24:41', '2015-12-05 02:24:41'),
(112333, 'HP ScanJet G2710', 2506, 10, 0.00, '', 'http://thumbs.buscape.com.br/scanner/hp-scanjet-g2710_200x200-PU1b6cd_1.jpg', '2015-12-05 02:24:35', '2015-12-05 02:24:35'),
(113655, 'Electrolux Celebrate ICP30 Cooktop 1 Bocas Preto', 138, 52, 363.11, '', 'http://thumbs.buscape.com.br/fogao/electrolux-celebrate-icp30-cooktop-1-bocas-preto_200x200-PU1bbf7_1.jpg', '2015-12-05 02:24:26', '2015-12-05 02:24:26'),
(113741, 'Sanduicheira Black & Decker HG610', 157, 86, 91.89, '', 'http://thumbs.buscape.com.br/grill-eletrico-sanduicheira/sanduicheira-black-decker-hg610_200x200-PU1bc4d_1.jpg', '2015-12-05 02:24:32', '2015-12-05 02:24:32'),
(114162, 'Janome MC-350E', 154, 83, 4264.80, '', 'http://thumbs.buscape.com.br/maquina-de-costura/janome-mc-350e_200x200-PU1bdf2_1.jpg', '2015-12-05 02:24:32', '2015-12-05 02:24:32'),
(114273, 'Mondial Premium B04', 120, 8, 99.31, '', 'http://thumbs.buscape.com.br/batedeira/mondial-premium-b04_200x200-PU1be61_1.jpg', '2015-12-05 02:24:18', '2015-12-05 02:24:18'),
(115439, 'Intelbras TWIN 14 Canais 9,6 km', 3475, 178, 359.10, '', 'http://thumbs.buscape.com.br/walkie-talkie/intelbras-twin-14-canais-9-6-km_200x200-PU1c2ef_1.jpg', '2015-12-05 02:24:41', '2015-12-05 02:24:41'),
(116519, 'HP ScanJet G2410', 2506, 10, 0.00, '', 'http://thumbs.buscape.com.br/scanner/hp-scanjet-g2410_200x200-PU1c727_1.jpg', '2015-12-05 02:24:35', '2015-12-05 02:24:35'),
(116796, 'Frigobar Brastemp Retrô BRA08AV 76 Litros Vermelho', 6504, 114, 989.90, '', 'http://thumbs.buscape.com.br/frigobar/frigobar-brastemp-retro-bra08av-76-litros-vermelho_200x200-PU1c83c_1.jpg', '2015-12-05 02:24:57', '2015-12-05 02:24:57'),
(123049, 'Bright Poseidon 0050', 103, 41, 40.49, '', 'http://thumbs.buscape.com.br/webcam/bright-poseidon-0050_200x200-PU1e0a9_1.jpg', '2015-12-05 02:24:15', '2015-12-05 02:24:15'),
(123298, 'Philips DVP3560K', 5, 2, 0.00, '', 'http://thumbs.buscape.com.br/dvd-player/philips-dvp3560k_200x200-PU1e1a2_1.jpg', '2015-12-05 02:24:05', '2015-12-05 02:24:05'),
(125396, 'Tramontina Prisma 90 cm Parede Aço Inox', 7594, 71, 1478.88, '', 'http://thumbs.buscape.com.br/coifa-exaustor/tramontina-prisma-90-cm-parede-aco-inox_200x200-PU1e9d4_1.jpg', '2015-12-05 02:25:01', '2015-12-05 02:25:01'),
(126948, 'Tramontina Vetro 90 cm Parede Aço Inox c/ Vidro', 7594, 71, 1413.94, '', 'http://thumbs.buscape.com.br/coifa-exaustor/tramontina-vetro-90-cm-parede-aco-inox-c-vidro_200x200-PU1efe4_1.jpg', '2015-12-05 02:25:01', '2015-12-05 02:25:01'),
(126971, 'Tramontina Perfecta Trapezio 4GG Tri 70 Cooktop 4 Bocas Preto', 138, 71, 1276.28, '', 'http://thumbs.buscape.com.br/fogao/tramontina-perfecta-trapezio-4gg-tri-70-cooktop-4-bocas-preto_200x200-PU1effb_1.jpg', '2015-12-05 02:24:26', '2015-12-05 02:24:26'),
(128261, 'Delonghi EW 7707 Óleo', 2800, 94, 398.12, '', 'http://thumbs.buscape.com.br/aquecedor-de-ambiente/delonghi-ew-7707-oleo_200x200-PU1f505_1.jpg', '2015-12-05 02:24:36', '2015-12-05 02:24:36'),
(137366, 'Cadence AQC410 Óleo', 2800, 59, 254.54, '', 'http://thumbs.buscape.com.br/aquecedor-de-ambiente/cadence-aqc410-oleo_200x200-PU21896_1.jpg', '2015-12-05 02:24:36', '2015-12-05 02:24:36'),
(138119, 'Mondial A-03 Elétrico', 2800, 8, 72.90, '', 'http://thumbs.buscape.com.br/aquecedor-de-ambiente/mondial-a-03-eletrico_200x200-PU21b87_1.jpg', '2015-12-05 02:24:36', '2015-12-05 02:24:36'),
(152701, 'Electrolux Flex S 1400 W', 119, 52, 259.69, '', 'http://thumbs.buscape.com.br/aspirador-de-po-agua/electrolux-flex-s-1400-w_200x200-PU2547d_1.jpg', '2015-12-05 02:24:16', '2015-12-05 02:24:16'),
(152806, 'Hamilton Beach 64650', 120, 54, 209.05, '', 'http://thumbs.buscape.com.br/batedeira/hamilton-beach-64650_200x200-PU254e6_1.jpg', '2015-12-05 02:24:17', '2015-12-05 02:24:17'),
(153051, 'Black & Decker FT90 de Mesa', 145, 53, 156.56, '', 'http://thumbs.buscape.com.br/forno-eletrico/black-decker-ft90-de-mesa_200x200-PU255db_1.jpg', '2015-12-05 02:24:28', '2015-12-05 02:24:28'),
(155582, 'Singer Facilita 2818', 154, 82, 827.04, '', 'http://thumbs.buscape.com.br/maquina-de-costura/singer-facilita-2818_200x200-PU25fbe_1.jpg', '2015-12-05 02:24:31', '2015-12-05 02:24:31'),
(155982, 'Tramontina Prisma 60 cm Parede Aço Inox', 7594, 71, 1281.76, '', 'http://thumbs.buscape.com.br/coifa-exaustor/tramontina-prisma-60-cm-parede-aco-inox_200x200-PU2614e_1.jpg', '2015-12-05 02:25:01', '2015-12-05 02:25:01'),
(155983, 'Tramontina Compact 60 cm Parede Aço Inox', 7594, 71, 506.48, '', 'http://thumbs.buscape.com.br/coifa-exaustor/tramontina-compact-60-cm-parede-aco-inox_200x200-PU2614f_1.jpg', '2015-12-05 02:25:01', '2015-12-05 02:25:01'),
(156106, 'Microsoft LifeCam VX-500', 103, 40, 0.00, '', 'http://thumbs.buscape.com.br/webcam/microsoft-lifecam-vx-500_200x200-PU261ca_1.jpg', '2015-12-05 02:24:15', '2015-12-05 02:24:15'),
(161629, 'Electrolux MEF33 Branco', 126, 52, 345.60, '', 'http://thumbs.buscape.com.br/microondas/electrolux-mef33-branco_200x200-PU2775d_1.jpg', '2015-12-05 02:24:20', '2015-12-05 02:24:20'),
(161976, 'Janome 2008', 154, 83, 605.20, '', 'http://thumbs.buscape.com.br/maquina-de-costura/janome-2008_200x200-PU278b8_1.jpg', '2015-12-05 02:24:32', '2015-12-05 02:24:32'),
(162041, 'Tectoy Master System Evolution', 6058, 7, 179.90, '', 'http://thumbs.buscape.com.br/console-de-videogame/tectoy-master-system-evolution_200x200-PU278f9_1.jpg', '2015-12-05 02:24:52', '2015-12-05 02:24:52'),
(164280, 'LG RH397H', 5, 3, 0.00, '', 'http://thumbs.buscape.com.br/dvd-player/lg-rh397h_200x200-PU281b8_1.jpg', '2015-12-05 02:24:05', '2015-12-05 02:24:05'),
(165262, 'Philips SPC230NC', 103, 2, 0.00, '', 'http://thumbs.buscape.com.br/webcam/philips-spc230nc_200x200-PU2858e_1.jpg', '2015-12-05 02:24:15', '2015-12-05 02:24:15'),
(165539, 'Telefone Com Fio Intelbrás TC20', 3772, 178, 34.45, '', 'http://thumbs.buscape.com.br/aparelho-de-telefone/com-fio-intelbras-tc20_200x200-PU286a3_1.jpg', '2015-12-05 02:24:49', '2015-12-05 02:24:49'),
(166893, 'Electrolux Blue Touch MEC41 Inox', 126, 52, 760.46, '', 'http://thumbs.buscape.com.br/microondas/electrolux-blue-touch-mec41-inox_200x200-PU28bed_1.jpg', '2015-12-05 02:24:20', '2015-12-05 02:24:20'),
(168639, 'Ventisol Wind Light 3 Pás Teto', 3662, 95, 123.94, '', 'http://thumbs.buscape.com.br/ventilador-circulador/ventisol-wind-light-3-pas-teto_200x200-PU292bf_1.jpg', '2015-12-05 02:24:45', '2015-12-05 02:24:45'),
(168764, 'Grill Black & Decker Mais Saúde GS1600', 157, 84, 267.86, '', 'http://thumbs.buscape.com.br/grill-eletrico-sanduicheira/grill-black-decker-mais-saude-gs1600_200x200-PU2933c_1.jpg', '2015-12-05 02:24:32', '2015-12-05 02:24:32'),
(168991, 'Springer Carrier QCA108BBB Janela 10000 BTUs Frio', 3661, 103, 1060.46, '', 'http://thumbs.buscape.com.br/ar-condicionado/springer-carrier-qca108bbb-janela-10000-btus-frio_200x200-PU2941f_1.jpg', '2015-12-05 02:24:44', '2015-12-05 02:24:44'),
(169651, 'Grill Cadence Fácil Plus GRL297', 157, 84, 189.25, '', 'http://thumbs.buscape.com.br/grill-eletrico-sanduicheira/grill-cadence-facil-plus-grl297_200x200-PU296b3_1.jpg', '2015-12-05 02:24:33', '2015-12-05 02:24:33'),
(169728, 'Electrolux H300C Horizontal Branco', 131, 52, 1443.46, '', 'http://thumbs.buscape.com.br/freezer/electrolux-h300c-horizontal-branco_200x200-PU29700_1.jpg', '2015-12-05 02:24:23', '2015-12-05 02:24:23'),
(170091, 'Electrolux LE09B Embutir', 129, 52, 1664.10, '', 'http://thumbs.buscape.com.br/lava-loucas/electrolux-le09b-embutir_200x200-PU2986b_1.jpg', '2015-12-05 02:24:23', '2015-12-05 02:24:23'),
(170388, 'Arno Planetária Deluxe', 120, 55, 410.40, '', 'http://thumbs.buscape.com.br/batedeira/arno-planetaria-deluxe_200x200-PU29994_1.jpg', '2015-12-05 02:24:17', '2015-12-05 02:24:17'),
(170657, 'Grill George Foreman Super Jumbo GBZ31', 157, 84, 306.80, '', 'http://thumbs.buscape.com.br/grill-eletrico-sanduicheira/grill-george-foreman-super-jumbo-gbz31_200x200-PU29aa1_1.jpg', '2015-12-05 02:24:33', '2015-12-05 02:24:33'),
(173807, 'Aliseu Geo com Luminaria Halopin 3 Pás Teto', 3662, 107, 344.25, '', 'http://thumbs.buscape.com.br/ventilador-circulador/aliseu-geo-com-luminaria-halopin-3-pas-teto_200x200-PU2a6ef_1.jpg', '2015-12-05 02:24:45', '2015-12-05 02:24:45'),
(174577, 'Grill Mondial Cook & Grill G-03', 157, 84, 159.72, '', 'http://thumbs.buscape.com.br/grill-eletrico-sanduicheira/grill-mondial-cook-grill-g-03_200x200-PU2a9f1_1.jpg', '2015-12-05 02:24:32', '2015-12-05 02:24:32'),
(178384, 'Singer Tradition 2250', 154, 82, 674.45, '', 'http://thumbs.buscape.com.br/maquina-de-costura/singer-tradition-2250_200x200-PU2b8d0_1.jpg', '2015-12-05 02:24:32', '2015-12-05 02:24:32'),
(180383, 'Darksiders Playstation 3 Blu-Ray', 6409, 164, 62.54, '', 'http://thumbs.buscape.com.br/jogos/darksiders-playstation-3-blu-ray_200x200-PU2c09f_1.jpg', '2015-12-05 02:24:53', '2015-12-05 02:24:53'),
(185066, 'Refrigerador Electrolux Infinity DF80X 553 Litros Inox', 3673, 108, 3523.50, '', 'http://thumbs.buscape.com.br/geladeira-refrigerador/refrigerador-electrolux-infinity-df80x-553-litros-inox_200x200-PU2d2ea_1.jpg', '2015-12-05 02:24:48', '2015-12-05 02:24:48'),
(185387, 'Electrolux DE60X 60 cm Parede Aço Inox', 7594, 52, 486.77, '', 'http://thumbs.buscape.com.br/coifa-exaustor/electrolux-de60x-60-cm-parede-aco-inox_200x200-PU2d42b_1.jpg', '2015-12-05 02:25:01', '2015-12-05 02:25:01'),
(187077, 'Samsung BD-P1600 Blu-Ray', 9754, 17, 0.00, '', 'http://thumbs.buscape.com.br/blu-ray-player-hd-dvd-player/samsung-bd-p1600-blu-ray_200x200-PU2dac5_1.jpg', '2015-12-05 02:25:06', '2015-12-05 02:25:06'),
(189247, 'Brastemp BSR10AB 10 Kg', 127, 66, 1383.95, '', 'http://thumbs.buscape.com.br/secadora-de-roupas/brastemp-bsr10ab-10-kg_200x200-PU2e33f_1.jpg', '2015-12-05 02:24:21', '2015-12-05 02:24:21'),
(191129, 'Brastemp BSI10AB 10 Kg', 127, 66, 1454.52, '', 'http://thumbs.buscape.com.br/secadora-de-roupas/brastemp-bsi10ab-10-kg_200x200-PU2ea99_1.jpg', '2015-12-05 02:24:22', '2015-12-05 02:24:22'),
(193372, 'Electrolux DE60B 60 cm Parede Aço', 7594, 52, 361.26, '', 'http://thumbs.buscape.com.br/coifa-exaustor/electrolux-de60b-60-cm-parede-aco_200x200-PU2f35c_1.jpg', '2015-12-05 02:25:00', '2015-12-05 02:25:00'),
(195585, 'Ventisol A1 Elétrico', 2800, 95, 59.96, '', 'http://thumbs.buscape.com.br/aquecedor-de-ambiente/ventisol-a1-eletrico_200x200-PU2fc01_1.jpg', '2015-12-05 02:24:36', '2015-12-05 02:24:36'),
(195946, 'Fujitsu ScanSnap S1500', 2506, 44, 0.00, '', 'http://thumbs.buscape.com.br/scanner/fujitsu-scansnap-s1500_200x200-PU2fd6a_1.jpg', '2015-12-05 02:24:36', '2015-12-05 02:24:36'),
(196299, 'Cuisinart DCC-450BK Elétrica', 121, 60, 246.60, '', 'http://thumbs.buscape.com.br/cafeteira/cuisinart-dcc-450bk-eletrica_200x200-PU2fecb_1.jpg', '2015-12-05 02:24:18', '2015-12-05 02:24:18'),
(197069, 'Sony DVP SR200P', 5, 4, 0.00, '', 'http://thumbs.buscape.com.br/dvd-player/sony-dvp-sr200p_200x200-PU301cd_1.jpg', '2015-12-05 02:24:05', '2015-12-05 02:24:05'),
(198425, 'Brastemp BSX10AR 10 Kg', 127, 66, 1675.53, '', 'http://thumbs.buscape.com.br/secadora-de-roupas/brastemp-bsx10ar-10-kg_200x200-PU30719_1.jpg', '2015-12-05 02:24:21', '2015-12-05 02:24:21'),
(198888, 'Mondial Toast Duo T-01', 151, 8, 54.97, '', 'http://thumbs.buscape.com.br/torradeira/mondial-toast-duo-t-01_200x200-PU308e8_1.jpg', '2015-12-05 02:24:31', '2015-12-05 02:24:31'),
(200421, 'Philips Walita RI7546 Elétrica', 121, 2, 299.38, '', 'http://thumbs.buscape.com.br/cafeteira/philips-walita-ri7546-eletrica_200x200-PU30ee5_1.jpg', '2015-12-05 02:24:18', '2015-12-05 02:24:18'),
(200451, 'Philco PH170', 5, 5, 0.00, '', 'http://thumbs.buscape.com.br/dvd-player/philco-ph170_200x200-PU30f03_1.jpg', '2015-12-05 02:24:05', '2015-12-05 02:24:05'),
(200476, 'Casio FX - 82MS Científica', 11, 9, 38.94, '', 'http://thumbs.buscape.com.br/calculadora/casio-fx-82ms-cientifica_200x200-PU30f1c_1.jpg', '2015-12-05 02:24:06', '2015-12-05 02:24:06'),
(200571, 'HP 12C Gold Financeira', 11, 10, 229.44, '', 'http://thumbs.buscape.com.br/calculadora/hp-12c-gold-financeira_200x200-PU30f7b_1.jpg', '2015-12-05 02:24:06', '2015-12-05 02:24:06'),
(200643, 'HP 50G Gráfica', 11, 10, 474.90, '', 'http://thumbs.buscape.com.br/calculadora/hp-50g-grafica_200x200-PU30fc3_1.jpg', '2015-12-05 02:24:06', '2015-12-05 02:24:06'),
(200782, 'Ricozon Cantareira', 9863, 146, 212.28, '', 'http://thumbs.buscape.com.br/purificador-de-agua/ricozon-cantareira_200x200-PU3104e_1.jpg', '2015-12-05 02:25:11', '2015-12-05 02:25:11'),
(200786, 'Mondial PF-51 Premium', 8909, 8, 294.21, '', 'http://thumbs.buscape.com.br/panificadora-domestica/mondial-pf-51-premium_200x200-PU31052_1.jpg', '2015-12-05 02:25:02', '2015-12-05 02:25:02'),
(200787, 'Philco Crome', 8909, 5, 0.00, '', 'http://thumbs.buscape.com.br/panificadora-domestica/philco-crome_200x200-PU31053_1.jpg', '2015-12-05 02:25:02', '2015-12-05 02:25:02'),
(200842, 'Procalc PC780 Mesa', 11, 11, 31.41, '', 'http://thumbs.buscape.com.br/calculadora/procalc-pc780-mesa_200x200-PU3108a_1.jpg', '2015-12-05 02:24:06', '2015-12-05 02:24:06'),
(206986, 'Fischer Gourmet Grill 9741 de Mesa', 145, 65, 497.70, '', 'http://thumbs.buscape.com.br/forno-eletrico/fischer-gourmet-grill-9741-de-mesa_200x200-PU3288a_1.jpg', '2015-12-05 02:24:27', '2015-12-05 02:24:27'),
(207640, 'Lenoxx Sound DK-417', 5, 6, 0.00, '', 'http://thumbs.buscape.com.br/dvd-player/lenoxx-sound-dk-417_200x200-PU32b18_1.jpg', '2015-12-05 02:24:05', '2015-12-05 02:24:05'),
(210815, 'Refrigerador Consul CRA30FB 261 Litros Branco', 3673, 108, 1062.62, '', 'http://thumbs.buscape.com.br/geladeira-refrigerador/refrigerador-consul-cra30fb-261-litros-branco_200x200-PU3377f_1.jpg', '2015-12-05 02:24:48', '2015-12-05 02:24:48'),
(210819, 'Cobra CXT85 22 Canais 25,7 km', 3475, 180, 0.00, '', 'http://thumbs.buscape.com.br/walkie-talkie/cobra-cxt85-22-canais-25-7-km_200x200-PU33783_1.jpg', '2015-12-05 02:24:41', '2015-12-05 02:24:41'),
(212058, 'Microsoft LifeCam VX-2000', 103, 40, 0.00, '', 'http://thumbs.buscape.com.br/webcam/microsoft-lifecam-vx-2000_200x200-PU33c5a_1.jpg', '2015-12-05 02:24:15', '2015-12-05 02:24:15'),
(213040, 'Brastemp Gourmand BDJ30A Cooktop 1 Bocas Preto', 138, 66, 376.99, '', 'http://thumbs.buscape.com.br/fogao/brastemp-gourmand-bdj30a-cooktop-1-bocas-preto_200x200-PU34030_1.jpg', '2015-12-05 02:24:26', '2015-12-05 02:24:26'),
(213183, 'IBBL FR600', 9863, 109, 717.00, '', 'http://thumbs.buscape.com.br/purificador-de-agua/ibbl-fr600_200x200-PU340bf_1.jpg', '2015-12-05 02:25:11', '2015-12-05 02:25:11'),
(213290, 'Microsoft LifeCam Cinema', 103, 40, 0.00, '', 'http://thumbs.buscape.com.br/webcam/microsoft-lifecam-cinema_200x200-PU3412a_1.jpg', '2015-12-05 02:24:15', '2015-12-05 02:24:15'),
(214186, 'IBBL Compact FN 2000', 6477, 109, 464.50, '', 'http://thumbs.buscape.com.br/bebedouro/ibbl-compact-fn-2000_200x200-PU344aa_1.jpg', '2015-12-05 02:24:56', '2015-12-05 02:24:56'),
(214198, 'Esmaltec EGC35B', 6477, 110, 489.21, '', 'http://thumbs.buscape.com.br/bebedouro/esmaltec-egc35b_200x200-PU344b6_1.jpg', '2015-12-05 02:24:56', '2015-12-05 02:24:56'),
(214210, 'Esmaltec EGM 30', 6477, 110, 452.45, '', 'http://thumbs.buscape.com.br/bebedouro/esmaltec-egm-30_200x200-PU344c2_1.jpg', '2015-12-05 02:24:56', '2015-12-05 02:24:56'),
(215305, 'Masterfrio Fresh', 6477, 111, 495.25, '', 'http://thumbs.buscape.com.br/bebedouro/masterfrio-fresh_200x200-PU34909_1.jpg', '2015-12-05 02:24:56', '2015-12-05 02:24:56'),
(215422, 'Motorola MR350 22 Canais 56 km', 3475, 179, 0.00, '', 'http://thumbs.buscape.com.br/walkie-talkie/motorola-mr350-22-canais-56-km_200x200-PU3497e_1.jpg', '2015-12-05 02:24:41', '2015-12-05 02:24:41'),
(216124, 'Planetária Arno Deluxe Inox', 120, 56, 483.41, '', 'http://thumbs.buscape.com.br/batedeira/planetaria-arno-deluxe-inox_200x200-PU34c3c_1.jpg', '2015-12-05 02:24:17', '2015-12-05 02:24:17'),
(216389, 'Black & Decker PW1400', 2423, 53, 511.35, '', 'http://thumbs.buscape.com.br/lavadora-de-alta-pressao/black-decker-pw1400_200x200-PU34d45_1.jpg', '2015-12-05 02:24:35', '2015-12-05 02:24:35'),
(217364, 'Brastemp Ative! BDD61A Cooktop 4 Bocas Preto', 138, 66, 507.27, '', 'http://thumbs.buscape.com.br/fogao/brastemp-ative-bdd61a-cooktop-4-bocas-preto_200x200-PU35114_1.jpg', '2015-12-05 02:24:26', '2015-12-05 02:24:26'),
(217392, 'Telefone Sem Fio Intelbrás TS 60 V', 3772, 178, 130.69, '', 'http://thumbs.buscape.com.br/aparelho-de-telefone/sem-fio-intelbras-ts-60-v_200x200-PU35130_1.jpg', '2015-12-05 02:24:49', '2015-12-05 02:24:49'),
(217710, 'Tectoy DBR-750 Blu-Ray', 9754, 7, 0.00, '', 'http://thumbs.buscape.com.br/blu-ray-player-hd-dvd-player/tectoy-dbr-750-blu-ray_200x200-PU3526e_1.jpg', '2015-12-05 02:25:06', '2015-12-05 02:25:06'),
(217721, 'Brastemp BDD75A Cooktop 5 Bocas Preto', 138, 66, 676.67, '', 'http://thumbs.buscape.com.br/fogao/brastemp-bdd75a-cooktop-5-bocas-preto_200x200-PU35279_1.jpg', '2015-12-05 02:24:26', '2015-12-05 02:24:26'),
(219361, 'Motorola MH230 22 Canais 37 km', 3475, 179, 0.00, '', 'http://thumbs.buscape.com.br/walkie-talkie/motorola-mh230-22-canais-37-km_200x200-PU358e1_1.jpg', '2015-12-05 02:24:41', '2015-12-05 02:24:41'),
(219642, 'C3 Tech WB2105', 103, 42, 0.00, '', 'http://thumbs.buscape.com.br/webcam/c3-tech-wb2105_200x200-PU359fa_1.jpg', '2015-12-05 02:24:15', '2015-12-05 02:24:15'),
(219643, 'C3 Tech WB2102', 103, 42, 0.00, '', 'http://thumbs.buscape.com.br/webcam/c3-tech-wb2102_200x200-PU359fb_1.jpg', '2015-12-05 02:24:15', '2015-12-05 02:24:15'),
(220509, 'Intech Machine Future HL 1700', 2423, 88, 384.66, '', 'http://thumbs.buscape.com.br/lavadora-de-alta-pressao/intech-machine-future-hl-1700_200x200-PU35d5d_1.jpg', '2015-12-05 02:24:34', '2015-12-05 02:24:34'),
(222592, 'Electrolux 60CX 60 cm Parede Aço Inox', 7594, 52, 819.66, '', 'http://thumbs.buscape.com.br/coifa-exaustor/electrolux-60cx-60-cm-parede-aco-inox_200x200-PU36580_1.jpg', '2015-12-05 02:25:01', '2015-12-05 02:25:01'),
(223921, 'Microsoft LifeCam VX-800', 103, 40, 0.00, '', 'http://thumbs.buscape.com.br/webcam/microsoft-lifecam-vx-800_200x200-PU36ab1_1.jpg', '2015-12-05 02:24:15', '2015-12-05 02:24:15'),
(224547, 'Planetária KitchenAid Stand Mixer KEA33', 120, 56, 2123.88, '', 'http://thumbs.buscape.com.br/batedeira/planetaria-kitchenaid-stand-mixer-kea33_200x200-PU36d23_1.jpg', '2015-12-05 02:24:17', '2015-12-05 02:24:17'),
(226998, 'Consul CVU18 Vertical Branco', 131, 67, 1018.04, '', 'http://thumbs.buscape.com.br/freezer/consul-cvu18-vertical-branco_200x200-PU376b6_1.jpg', '2015-12-05 02:24:24', '2015-12-05 02:24:24'),
(227695, 'Omeleteira Britânia Omeleteira Duo Plus', 157, 87, 84.40, '', 'http://thumbs.buscape.com.br/grill-eletrico-sanduicheira/omeleteira-britania-omeleteira-duo-plus_200x200-PU3796f_1.jpg', '2015-12-05 02:24:32', '2015-12-05 02:24:32'),
(227899, 'Mondial C-08 Expresso', 121, 8, 300.41, '', 'http://thumbs.buscape.com.br/cafeteira/mondial-c-08-expresso_200x200-PU37a3b_1.jpg', '2015-12-05 02:24:19', '2015-12-05 02:24:19'),
(228296, 'Consul CPC30AB', 9863, 67, 287.00, '', 'http://thumbs.buscape.com.br/purificador-de-agua/consul-cpc30ab_200x200-PU37bc8_1.jpg', '2015-12-05 02:25:11', '2015-12-05 02:25:11'),
(232790, 'Cobra CXT90 22 Canais 28 km', 3475, 180, 0.00, '', 'http://thumbs.buscape.com.br/walkie-talkie/cobra-cxt90-22-canais-28-km_200x200-PU38d56_1.jpg', '2015-12-05 02:24:41', '2015-12-05 02:24:41'),
(232941, 'Multilaser WC040', 103, 31, 0.00, '', 'http://thumbs.buscape.com.br/webcam/multilaser-wc040_200x200-PU38ded_1.jpg', '2015-12-05 02:24:15', '2015-12-05 02:24:15'),
(233497, 'Masterfrio Icy', 6477, 111, 594.67, '', 'http://thumbs.buscape.com.br/bebedouro/masterfrio-icy_200x200-PU39019_1.jpg', '2015-12-05 02:24:56', '2015-12-05 02:24:56'),
(235044, 'Tramontina Tube Isla 35 cm Ilha Aço Inox', 7594, 71, 4169.55, '', 'http://thumbs.buscape.com.br/coifa-exaustor/tramontina-tube-isla-35-cm-ilha-aco-inox_200x200-PU39624_1.jpg', '2015-12-05 02:25:01', '2015-12-05 02:25:01'),
(240300, 'Refrigerador Brastemp Clean BRM39 352 Litros Branco', 3673, 108, 1953.46, '', 'http://thumbs.buscape.com.br/geladeira-refrigerador/refrigerador-brastemp-clean-brm39-352-litros-branco_200x200-PU3aaac_1.jpg', '2015-12-05 02:24:48', '2015-12-05 02:24:48'),
(244254, 'Dell 1510X', 37, 37, 3331.90, '', 'http://thumbs.buscape.com.br/projetor-multimidia/dell-1510x_200x200-PU3ba1e_1.jpg', '2015-12-05 02:24:10', '2015-12-05 02:24:10'),
(247596, 'Amazon Kindle 2', 10104, 20, 0.00, '', 'http://thumbs.buscape.com.br/leitor-de-e-book/amazon-kindle-2_200x200-PU3c72c_1.jpg', '2015-12-05 02:25:14', '2015-12-05 02:25:14'),
(248256, 'Amazon Kindle DX', 10104, 20, 0.00, '', 'http://thumbs.buscape.com.br/leitor-de-e-book/amazon-kindle-dx_200x200-PU3c9c0_1.jpg', '2015-12-05 02:25:14', '2015-12-05 02:25:14'),
(251513, 'Brastemp BZC12 12 Garrafas', 6507, 66, 841.99, '', 'http://thumbs.buscape.com.br/adega-climatizada/brastemp-bzc12-12-garrafas_200x200-PU3d679_1.jpg', '2015-12-05 02:24:58', '2015-12-05 02:24:58'),
(252761, 'Saitek R220 Digital Wheel Volante', 100, 158, 314.91, '', 'http://thumbs.buscape.com.br/joystick-controle/saitek-r220-digital-wheel-volante_200x200-PU3db59_1.jpg', '2015-12-05 02:24:14', '2015-12-05 02:24:14'),
(254959, 'Motorola MJ270R 22 Canais 43 km', 3475, 179, 0.00, '', 'http://thumbs.buscape.com.br/walkie-talkie/motorola-mj270r-22-canais-43-km_200x200-PU3e3ef_1.jpg', '2015-12-05 02:24:41', '2015-12-05 02:24:41'),
(256801, 'Tramontina Glass Cook 60-F5 de Embutir', 145, 71, 2652.05, '', 'http://thumbs.buscape.com.br/forno-eletrico/tramontina-glass-cook-60-f5-de-embutir_200x200-PU3eb21_1.jpg', '2015-12-05 02:24:27', '2015-12-05 02:24:27'),
(257106, 'Cadence Finezza PAD502', 8909, 59, 0.00, '', 'http://thumbs.buscape.com.br/panificadora-domestica/cadence-finezza-pad502_200x200-PU3ec52_1.jpg', '2015-12-05 02:25:02', '2015-12-05 02:25:02'),
(257113, 'Cadence Nosso Pão PAD530', 8909, 59, 0.00, '', 'http://thumbs.buscape.com.br/panificadora-domestica/cadence-nosso-pao-pad530_200x200-PU3ec59_1.jpg', '2015-12-05 02:25:02', '2015-12-05 02:25:02'),
(257340, 'Samsung BD-C5500 Blu-Ray', 9754, 17, 0.00, '', 'http://thumbs.buscape.com.br/blu-ray-player-hd-dvd-player/samsung-bd-c5500-blu-ray_200x200-PU3ed3c_1.jpg', '2015-12-05 02:25:05', '2015-12-05 02:25:05'),
(257761, 'Mondial Pratic Rice & Vegetables Cooker 10 Premium PE-01 Arroz', 147, 8, 94.86, '', 'http://thumbs.buscape.com.br/panela-eletrica/mondial-pratic-rice-vegetables-cooker-10-premium-pe-01-arroz_200x200-PU3eee1_1.jpg', '2015-12-05 02:24:28', '2015-12-05 02:24:28'),
(258215, 'Mondial Pratic Rice & Vegetables Cooker 6 Premium PE-02 Arroz', 147, 8, 105.90, '', 'http://thumbs.buscape.com.br/panela-eletrica/mondial-pratic-rice-vegetables-cooker-6-premium-pe-02-arroz_200x200-PU3f0a7_1.jpg', '2015-12-05 02:24:28', '2015-12-05 02:24:28'),
(259183, 'Electrolux DE80B 80 cm Parede Aço', 7594, 52, 428.50, '', 'http://thumbs.buscape.com.br/coifa-exaustor/electrolux-de80b-80-cm-parede-aco_200x200-PU3f46f_1.jpg', '2015-12-05 02:25:01', '2015-12-05 02:25:01'),
(259542, 'Tectoy DVT-C100', 5, 7, 0.00, '', 'http://thumbs.buscape.com.br/dvd-player/tectoy-dvt-c100_200x200-PU3f5d6_1.jpg', '2015-12-05 02:24:05', '2015-12-05 02:24:05'),
(259593, 'Cuisinart Compact 2-Slice CPT120', 151, 60, 294.20, '', 'http://thumbs.buscape.com.br/torradeira/cuisinart-compact-2-slice-cpt120_200x200-PU3f609_1.jpg', '2015-12-05 02:24:31', '2015-12-05 02:24:31'),
(260472, 'Dellar Gourmet DBM181', 8909, 123, 0.00, '', 'http://thumbs.buscape.com.br/panificadora-domestica/dellar-gourmet-dbm181_200x200-PU3f978_1.jpg', '2015-12-05 02:25:02', '2015-12-05 02:25:02'),
(261060, 'Microsoft LifeCam HD-5000', 103, 40, 0.00, '', 'http://thumbs.buscape.com.br/webcam/microsoft-lifecam-hd-5000_200x200-PU3fbc4_1.jpg', '2015-12-05 02:24:15', '2015-12-05 02:24:15'),
(263002, 'Motorola Talkabout MR350R 22 Canais 56 km', 3475, 179, 0.00, '', 'http://thumbs.buscape.com.br/walkie-talkie/motorola-talkabout-mr350r-22-canais-56-km_200x200-PU4035a_1.jpg', '2015-12-05 02:24:41', '2015-12-05 02:24:41'),
(265031, 'Schulz 1700W', 2423, 89, 422.41, '', 'http://thumbs.buscape.com.br/lavadora-de-alta-pressao/schulz-1700w_200x200-PU40b47_1.jpg', '2015-12-05 02:24:35', '2015-12-05 02:24:35'),
(266327, 'Singer Quilter 7469Q', 154, 82, 1429.50, '', 'http://thumbs.buscape.com.br/maquina-de-costura/singer-quilter-7469q_200x200-PU41057_1.jpg', '2015-12-05 02:24:31', '2015-12-05 02:24:31'),
(266404, 'Consul CVU20 Vertical Branco', 131, 67, 1261.94, '', 'http://thumbs.buscape.com.br/freezer/consul-cvu20-vertical-branco_200x200-PU410a4_1.jpg', '2015-12-05 02:24:23', '2015-12-05 02:24:23'),
(267556, 'Easy Cooler JC33G2 12 Garrafas', 6507, 116, 708.05, '', 'http://thumbs.buscape.com.br/adega-climatizada/easy-cooler-jc33g2-12-garrafas_200x200-PU41524_1.jpg', '2015-12-05 02:24:58', '2015-12-05 02:24:58'),
(268674, 'Logitech G27 Racing Wheel Volante', 100, 43, 1263.95, '', 'http://thumbs.buscape.com.br/joystick-controle/logitech-g27-racing-wheel-volante_200x200-PU41982_1.jpg', '2015-12-05 02:24:14', '2015-12-05 02:24:14'),
(268735, 'Gato Sabido Cool-Er', 10104, 21, 0.00, '', 'http://thumbs.buscape.com.br/leitor-de-e-book/gato-sabido-cool-er_200x200-PU419bf_1.jpg', '2015-12-05 02:25:14', '2015-12-05 02:25:14'),
(268746, 'Philips BDP3100X Blu-Ray', 9754, 2, 0.00, '', 'http://thumbs.buscape.com.br/blu-ray-player-hd-dvd-player/philips-bdp3100x-blu-ray_200x200-PU419ca_1.jpg', '2015-12-05 02:25:05', '2015-12-05 02:25:05'),
(269121, 'Mondial Line A - 05 Cerâmica', 2800, 8, 101.77, '', 'http://thumbs.buscape.com.br/aquecedor-de-ambiente/mondial-line-a-05-ceramica_200x200-PU41b41_1.jpg', '2015-12-05 02:24:36', '2015-12-05 02:24:36'),
(269804, 'Cobra CXT400 22 Canais 35 km', 3475, 180, 0.00, '', 'http://thumbs.buscape.com.br/walkie-talkie/cobra-cxt400-22-canais-35-km_200x200-PU41dec_1.jpg', '2015-12-05 02:24:41', '2015-12-05 02:24:41'),
(269806, 'Cobra CXT125 22 Canais 25 km', 3475, 180, 0.00, '', 'http://thumbs.buscape.com.br/walkie-talkie/cobra-cxt125-22-canais-25-km_200x200-PU41dee_1.jpg', '2015-12-05 02:24:41', '2015-12-05 02:24:41'),
(269807, 'Cobra CXR825 22 Canais 48 km', 3475, 180, 0.00, '', 'http://thumbs.buscape.com.br/walkie-talkie/cobra-cxr825-22-canais-48-km_200x200-PU41def_1.jpg', '2015-12-05 02:24:41', '2015-12-05 02:24:41'),
(270228, 'Cobra CXR - 925 22 Canais 56,3 km', 3475, 180, 0.00, '', 'http://thumbs.buscape.com.br/walkie-talkie/cobra-cxr-925-22-canais-56-3-km_200x200-PU41f94_1.jpg', '2015-12-05 02:24:41', '2015-12-05 02:24:41'),
(270446, 'Black & Decker PW2100', 2423, 53, 1406.88, '', 'http://thumbs.buscape.com.br/lavadora-de-alta-pressao/black-decker-pw2100_200x200-PU4206e_1.jpg', '2015-12-05 02:24:34', '2015-12-05 02:24:34'),
(270812, 'Positivo Alfa', 10104, 22, 0.00, '', 'http://thumbs.buscape.com.br/leitor-de-e-book/positivo-alfa_200x200-PU421dc_1.jpg', '2015-12-05 02:25:13', '2015-12-05 02:25:13'),
(272408, 'Sony BDP-S470 Blu-Ray 3D', 9754, 4, 0.00, '', 'http://thumbs.buscape.com.br/blu-ray-player-hd-dvd-player/sony-bdp-s470-blu-ray-3d_200x200-PU42818_1.jpg', '2015-12-05 02:25:06', '2015-12-05 02:25:06'),
(276618, 'Easy Cooler JC65G2 28 Garrafas', 6507, 116, 1142.55, '', 'http://thumbs.buscape.com.br/adega-climatizada/easy-cooler-jc65g2-28-garrafas_200x200-PU4388a_1.jpg', '2015-12-05 02:24:58', '2015-12-05 02:24:58'),
(277263, 'Logitech C270', 103, 43, 0.00, '', 'http://thumbs.buscape.com.br/webcam/logitech-c270_200x200-PU43b0f_1.jpg', '2015-12-05 02:24:15', '2015-12-05 02:24:15'),
(278178, 'Chuveiro Cardal Potenza', 3447, 101, 504.44, '', 'http://thumbs.buscape.com.br/chuveiro-ducha/chuveiro-cardal-potenza_200x200-PU43ea2_1.jpg', '2015-12-05 02:24:40', '2015-12-05 02:24:40'),
(278240, 'Chuveiro Lorenzetti Elétrica Advanced', 3447, 101, 117.50, '', 'http://thumbs.buscape.com.br/chuveiro-ducha/chuveiro-lorenzetti-eletrica-advanced_200x200-PU43ee0_1.jpg', '2015-12-05 02:24:40', '2015-12-05 02:24:40'),
(278317, 'Chuveiro Lorenzetti Advanced Turbo', 3447, 101, 178.50, '', '', '2015-12-05 02:24:40', '2015-12-05 02:24:40'),
(278570, 'Chuveiro Lorenzetti Fashion', 3447, 101, 65.75, '', 'http://thumbs.buscape.com.br/chuveiro-ducha/chuveiro-lorenzetti-fashion_200x200-PU4402a_1.jpg', '2015-12-05 02:24:40', '2015-12-05 02:24:40'),
(278595, 'Chuveiro Cardal Suprema', 3447, 101, 44.99, '', 'http://thumbs.buscape.com.br/chuveiro-ducha/chuveiro-cardal-suprema_200x200-PU44043_1.jpg', '2015-12-05 02:24:40', '2015-12-05 02:24:40'),
(281761, 'Chuveiro Cardal Hiper Ducha Pressurizada', 3447, 101, 170.99, '', 'http://thumbs.buscape.com.br/chuveiro-ducha/chuveiro-cardal-hiper-ducha-pressurizada_200x200-PU44ca1_1.jpg', '2015-12-05 02:24:40', '2015-12-05 02:24:40'),
(283028, 'KÄRCHER Home Wash Plus', 2423, 90, 719.00, '', 'http://thumbs.buscape.com.br/lavadora-de-alta-pressao/karcher-home-wash-plus_200x200-PU45194_1.jpg', '2015-12-05 02:24:35', '2015-12-05 02:24:35'),
(283793, 'Chuveiro Cardal Florenza', 3447, 101, 519.39, '', 'http://thumbs.buscape.com.br/chuveiro-ducha/chuveiro-cardal-florenza_200x200-PU45491_1.jpg', '2015-12-05 02:24:40', '2015-12-05 02:24:40'),
(284321, 'Telefone Sem Fio Intelbrás TS 80V', 3772, 178, 176.95, '', 'http://thumbs.buscape.com.br/aparelho-de-telefone/sem-fio-intelbras-ts-80v_200x200-PU456a1_1.jpg', '2015-12-05 02:24:49', '2015-12-05 02:24:49'),
(286900, 'Motorola Talkabout MC220R 22 Canais 25 km', 3475, 179, 0.00, '', 'http://thumbs.buscape.com.br/walkie-talkie/motorola-talkabout-mc220r-22-canais-25-km_200x200-PU460b4_1.jpg', '2015-12-05 02:24:41', '2015-12-05 02:24:41'),
(291358, 'Brastemp Ative! BWL09B Superior 9 Kg Branco', 3671, 66, 1068.61, '', 'http://thumbs.buscape.com.br/maquina-de-lavar-roupas/brastemp-ative-bwl09b-superior-9-kg-branco_200x200-PU4721e_1.jpg', '2015-12-05 02:24:47', '2015-12-05 02:24:47'),
(291672, 'Microsoft Xbox 360 Slim 4 GB', 6058, 40, 799.00, '', 'http://thumbs.buscape.com.br/console-de-videogame/microsoft-xbox-360-slim-4-gb_200x200-PU47358_1.jpg', '2015-12-05 02:24:52', '2015-12-05 02:24:52'),
(292218, 'Epson Workforce GT-1500', 2506, 39, 1842.74, '', 'http://thumbs.buscape.com.br/scanner/epson-workforce-gt-1500_200x200-PU4757a_1.jpg', '2015-12-05 02:24:35', '2015-12-05 02:24:35'),
(293336, 'Electrolux Blue Touch Ultra Clean LBU15 Superior 15 kg Branco', 3671, 52, 1436.87, '', 'http://thumbs.buscape.com.br/maquina-de-lavar-roupas/electrolux-blue-touch-ultra-clean-lbu15-superior-15-kg-branco_200x200-PU479d8_1.jpg', '2015-12-05 02:24:47', '2015-12-05 02:24:47'),
(295725, 'Arno Citrus Power', 123, 55, 125.72, '', 'http://thumbs.buscape.com.br/espremedor-de-frutas/arno-citrus-power_200x200-PU4832d_1.jpg', '2015-12-05 02:24:19', '2015-12-05 02:24:19'),
(296196, 'Mondial Bianca Rice 4 PE-05 Arroz', 147, 8, 79.90, '', 'http://thumbs.buscape.com.br/panela-eletrica/mondial-bianca-rice-4-pe-05-arroz_200x200-PU48504_1.jpg', '2015-12-05 02:24:28', '2015-12-05 02:24:28'),
(296380, 'Mondial Premium E-02', 123, 8, 59.27, '', 'http://thumbs.buscape.com.br/espremedor-de-frutas/mondial-premium-e-02_200x200-PU485bc_1.jpg', '2015-12-05 02:24:19', '2015-12-05 02:24:19'),
(297333, 'Suggar Max Fruit', 123, 64, 63.00, '', 'http://thumbs.buscape.com.br/espremedor-de-frutas/suggar-max-fruit_200x200-PU48975_1.jpg', '2015-12-05 02:24:19', '2015-12-05 02:24:19'),
(298833, 'Arno Dolce Gusto Piccolo Expresso', 121, 55, 340.64, '', 'http://thumbs.buscape.com.br/cafeteira/arno-dolce-gusto-piccolo-expresso_200x200-PU48f51_1.jpg', '2015-12-05 02:24:18', '2015-12-05 02:24:18'),
(298841, 'Franke Mr. Clean', 10110, 148, 1016.95, '', 'http://thumbs.buscape.com.br/triturador-de-alimentos/franke-mr-clean_200x200-PU48f59_1.jpg', '2015-12-05 02:25:14', '2015-12-05 02:25:14'),
(298843, 'InSinkErator Modelo 65', 10110, 149, 967.41, '', 'http://thumbs.buscape.com.br/triturador-de-alimentos/insinkerator-modelo-65_200x200-PU48f5b_1.jpg', '2015-12-05 02:25:14', '2015-12-05 02:25:14'),
(298845, 'InSinkErator Modelo 55', 10110, 149, 707.90, '', 'http://thumbs.buscape.com.br/triturador-de-alimentos/insinkerator-modelo-55_200x200-PU48f5d_1.jpg', '2015-12-05 02:25:14', '2015-12-05 02:25:14'),
(298847, 'InSinkErator Modelo 45', 10110, 149, 554.45, '', 'http://thumbs.buscape.com.br/triturador-de-alimentos/insinkerator-modelo-45_200x200-PU48f5f_1.jpg', '2015-12-05 02:25:14', '2015-12-05 02:25:14'),
(298849, 'InSinkErator Evolution 200', 10110, 149, 2498.50, '', 'http://thumbs.buscape.com.br/triturador-de-alimentos/insinkerator-evolution-200_200x200-PU48f61_1.jpg', '2015-12-05 02:25:14', '2015-12-05 02:25:14'),
(298850, 'InSinkErator Evolution 100', 10110, 149, 1555.90, '', 'http://thumbs.buscape.com.br/triturador-de-alimentos/insinkerator-evolution-100_200x200-PU48f62_1.jpg', '2015-12-05 02:25:14', '2015-12-05 02:25:14'),
(298874, 'Tramontina Glass Cheff 60-F10 de Embutir', 145, 71, 3360.32, '', 'http://thumbs.buscape.com.br/forno-eletrico/tramontina-glass-cheff-60-f10-de-embutir_200x200-PU48f7a_1.jpg', '2015-12-05 02:24:27', '2015-12-05 02:24:27'),
(298903, 'Hamilton Beach 74275', 142, 54, 0.00, '', 'http://thumbs.buscape.com.br/faca-eletrica/hamilton-beach-74275_200x200-PU48f97_1.jpg', '2015-12-05 02:24:27', '2015-12-05 02:24:27'),
(298916, 'Black & Decker EK100', 142, 53, 119.85, '', 'http://thumbs.buscape.com.br/faca-eletrica/black-decker-ek100_200x200-PU48fa4_1.jpg', '2015-12-05 02:24:27', '2015-12-05 02:24:27'),
(298932, 'Cuisinart CEK-40', 142, 60, 310.31, '', 'http://thumbs.buscape.com.br/faca-eletrica/cuisinart-cek-40_200x200-PU48fb4_1.jpg', '2015-12-05 02:24:27', '2015-12-05 02:24:27'),
(298953, 'Fun Kitchen Recarregável', 142, 72, 0.00, '', 'http://thumbs.buscape.com.br/faca-eletrica/fun-kitchen-recarregavel_200x200-PU48fc9_1.jpg', '2015-12-05 02:24:27', '2015-12-05 02:24:27'),
(298959, 'NKS TSK 370', 142, 73, 0.00, '', 'http://thumbs.buscape.com.br/faca-eletrica/nks-tsk-370_200x200-PU48fcf_1.jpg', '2015-12-05 02:24:27', '2015-12-05 02:24:27'),
(299029, 'Cuisinart ICE-20', 9800, 60, 0.00, '', 'http://thumbs.buscape.com.br/maquina-de-sorvete/cuisinart-ice-20_200x200-PU49015_1.jpg', '2015-12-05 02:25:09', '2015-12-05 02:25:09'),
(299033, 'Ariete Disney', 9800, 138, 0.00, '', 'http://thumbs.buscape.com.br/maquina-de-sorvete/ariete-disney_200x200-PU49019_1.jpg', '2015-12-05 02:25:09', '2015-12-05 02:25:09'),
(299995, 'Electrolux CL07F', 8958, 52, 483.64, '', 'http://thumbs.buscape.com.br/climatizador/electrolux-cl07f_200x200-PU493db_1.jpg', '2015-12-05 02:25:03', '2015-12-05 02:25:03'),
(300494, 'Fun Kitchen Elétrico', 10112, 72, 0.00, '', 'http://thumbs.buscape.com.br/moedor-de-carne/fun-kitchen-eletrico_200x200-PU495ce_1.jpg', '2015-12-05 02:25:15', '2015-12-05 02:25:15'),
(300502, 'Mondial MC-01 Elétrico', 10112, 8, 0.00, '', 'http://thumbs.buscape.com.br/moedor-de-carne/mondial-mc-01-eletrico_200x200-PU495d6_1.jpg', '2015-12-05 02:25:15', '2015-12-05 02:25:15'),
(301128, 'Electrolux Celebrate 56DTX Piso 4 Bocas Inox', 138, 52, 1828.60, '', 'http://thumbs.buscape.com.br/fogao/electrolux-celebrate-56dtx-piso-4-bocas-inox_200x200-PU49848_1.jpg', '2015-12-05 02:24:26', '2015-12-05 02:24:26'),
(302495, 'LG BD550 Blu-Ray', 9754, 3, 0.00, '', 'http://thumbs.buscape.com.br/blu-ray-player-hd-dvd-player/lg-bd550-blu-ray_200x200-PU49d9f_1.jpg', '2015-12-05 02:25:06', '2015-12-05 02:25:06'),
(302610, 'Sony Dual Shock 3 Gamepad', 100, 4, 0.00, '', 'http://thumbs.buscape.com.br/joystick-controle/sony-dual-shock-3-gamepad_200x200-PU49e12_1.jpg', '2015-12-05 02:24:14', '2015-12-05 02:24:14'),
(302613, 'Sony Dual Shock 2 Gamepad', 100, 4, 0.00, '', 'http://thumbs.buscape.com.br/joystick-controle/sony-dual-shock-2-gamepad_200x200-PU49e15_1.jpg', '2015-12-05 02:24:14', '2015-12-05 02:24:14'),
(302698, 'Electrolux Celebrate 56STB Piso 4 Bocas Branco', 138, 52, 1264.90, '', 'http://thumbs.buscape.com.br/fogao/electrolux-celebrate-56stb-piso-4-bocas-branco_200x200-PU49e6a_1.jpg', '2015-12-05 02:24:26', '2015-12-05 02:24:26'),
(302749, 'Microsoft Kinect Sensor', 100, 40, 0.00, '', 'http://thumbs.buscape.com.br/joystick-controle/microsoft-kinect-sensor_200x200-PU49e9d_1.jpg', '2015-12-05 02:24:14', '2015-12-05 02:24:14'),
(302813, 'Microsoft Xbox 360 Gamepad', 100, 40, 169.00, '', 'http://thumbs.buscape.com.br/joystick-controle/microsoft-xbox-360-gamepad_200x200-PU49edd_1.jpg', '2015-12-05 02:24:14', '2015-12-05 02:24:14'),
(302931, 'Nintendo Wii Remote Sensor', 100, 159, 0.00, '', 'http://thumbs.buscape.com.br/joystick-controle/nintendo-wii-remote-sensor_200x200-PU49f53_1.jpg', '2015-12-05 02:24:14', '2015-12-05 02:24:14'),
(303367, 'Mondial B05', 120, 8, 64.30, '', 'http://thumbs.buscape.com.br/batedeira/mondial-b05_200x200-PU4a107_1.jpg', '2015-12-05 02:24:17', '2015-12-05 02:24:17'),
(303680, 'Chuveiro Lorenzetti Advanced Multitemperaturas', 3447, 101, 97.90, '', 'http://thumbs.buscape.com.br/chuveiro-ducha/chuveiro-lorenzetti-advanced-multitemperaturas_200x200-PU4a240_1.jpg', '2015-12-05 02:24:41', '2015-12-05 02:24:41'),
(303730, 'Integris PS1104WI Guitarra', 100, 160, 196.83, '', 'http://thumbs.buscape.com.br/joystick-controle/integris-ps1104wi-guitarra_200x200-PU4a272_1.jpg', '2015-12-05 02:24:14', '2015-12-05 02:24:14'),
(303820, 'Fun Kitchen YM 202', 10114, 72, 125.50, '', 'http://thumbs.buscape.com.br/iogurteira/fun-kitchen-ym-202_200x200-PU4a2cc_1.jpg', '2015-12-05 02:25:15', '2015-12-05 02:25:15'),
(303844, 'Arno PipoKids', 9797, 55, 0.00, '', 'http://thumbs.buscape.com.br/pipoqueira/arno-pipokids_200x200-PU4a2e4_1.jpg', '2015-12-05 02:25:07', '2015-12-05 02:25:07'),
(303847, 'Mondial Pop Fun PP-01', 9797, 8, 119.09, '', 'http://thumbs.buscape.com.br/pipoqueira/mondial-pop-fun-pp-01_200x200-PU4a2e7_1.jpg', '2015-12-05 02:25:06', '2015-12-05 02:25:06'),
(303856, 'Cuisinart CPM900', 9797, 60, 431.10, '', 'http://thumbs.buscape.com.br/pipoqueira/cuisinart-cpm900_200x200-PU4a2f0_1.jpg', '2015-12-05 02:25:06', '2015-12-05 02:25:06'),
(304206, 'Electrolux PA20G', 9863, 52, 764.97, '', 'http://thumbs.buscape.com.br/purificador-de-agua/electrolux-pa20g_200x200-PU4a44e_1.jpg', '2015-12-05 02:25:11', '2015-12-05 02:25:11'),
(304727, 'KÄRCHER DE 4002', 2845, 90, 0.00, '', 'http://thumbs.buscape.com.br/higienizador-a-vapor/karcher-de-4002_200x200-PU4a657_1.jpg', '2015-12-05 02:24:37', '2015-12-05 02:24:37'),
(304730, 'Lavor Wash Skyvap', 2845, 97, 0.00, '', 'http://thumbs.buscape.com.br/higienizador-a-vapor/lavor-wash-skyvap_200x200-PU4a65a_1.jpg', '2015-12-05 02:24:37', '2015-12-05 02:24:37'),
(304764, 'Steamfast SF-260A', 2845, 98, 0.00, '', 'http://thumbs.buscape.com.br/higienizador-a-vapor/steamfast-sf-260a_200x200-PU4a67c_1.jpg', '2015-12-05 02:24:37', '2015-12-05 02:24:37'),
(304777, 'Wap Wapore Clean', 2845, 91, 685.01, '', 'http://thumbs.buscape.com.br/higienizador-a-vapor/wap-wapore-clean_200x200-PU4a689_1.jpg', '2015-12-05 02:24:37', '2015-12-05 02:24:37'),
(304783, 'Steamfast SF-292', 2845, 98, 0.00, '', 'http://thumbs.buscape.com.br/higienizador-a-vapor/steamfast-sf-292_200x200-PU4a68f_1.jpg', '2015-12-05 02:24:37', '2015-12-05 02:24:37'),
(304789, 'Intech Machine Vapor Clean', 2845, 88, 369.79, '', 'http://thumbs.buscape.com.br/higienizador-a-vapor/intech-machine-vapor-clean_200x200-PU4a695_1.jpg', '2015-12-05 02:24:37', '2015-12-05 02:24:37'),
(304797, 'Steamfast SF-276', 2845, 98, 0.00, '', 'http://thumbs.buscape.com.br/higienizador-a-vapor/steamfast-sf-276_200x200-PU4a69d_1.jpg', '2015-12-05 02:24:37', '2015-12-05 02:24:37'),
(304910, 'Steamfast SF-407', 9798, 98, 0.00, '', 'http://thumbs.buscape.com.br/passadeira-a-vapor/steamfast-sf-407_200x200-PU4a70e_1.jpg', '2015-12-05 02:25:08', '2015-12-05 02:25:08'),
(304911, 'Steamfast SF-435', 9798, 98, 0.00, '', 'http://thumbs.buscape.com.br/passadeira-a-vapor/steamfast-sf-435_200x200-PU4a70f_1.jpg', '2015-12-05 02:25:08', '2015-12-05 02:25:08'),
(304939, 'Vicini VCL-003', 9798, 133, 0.00, '', 'http://thumbs.buscape.com.br/passadeira-a-vapor/vicini-vcl-003_200x200-PU4a72b_1.jpg', '2015-12-05 02:25:08', '2015-12-05 02:25:08'),
(304945, 'Mondial VP-01', 9798, 8, 91.69, '', 'http://thumbs.buscape.com.br/passadeira-a-vapor/mondial-vp-01_200x200-PU4a731_1.jpg', '2015-12-05 02:25:07', '2015-12-05 02:25:07'),
(304950, 'Suggar PV6281/82PR', 9798, 64, 0.00, '', 'http://thumbs.buscape.com.br/passadeira-a-vapor/suggar-pv6281-82pr_200x200-PU4a736_1.jpg', '2015-12-05 02:25:08', '2015-12-05 02:25:08'),
(305063, 'Suggar PV4261', 9798, 64, 0.00, '', 'http://thumbs.buscape.com.br/passadeira-a-vapor/suggar-pv4261_200x200-PU4a7a7_1.jpg', '2015-12-05 02:25:08', '2015-12-05 02:25:08'),
(305114, 'Zeex MC-555', 10112, 151, 0.00, '', 'http://thumbs.buscape.com.br/moedor-de-carne/zeex-mc-555_200x200-PU4a7da_1.jpg', '2015-12-05 02:25:15', '2015-12-05 02:25:15');
INSERT INTO `products` (`id`, `name`, `subcategory_id`, `manufacturer_id`, `med_price`, `full_description`, `default_image`, `created_at`, `updated_at`) VALUES
(305121, 'Sanduicheira Mondial Premium Inox Grill S-07', 157, 86, 66.18, '', 'http://thumbs.buscape.com.br/grill-eletrico-sanduicheira/sanduicheira-mondial-premium-inox-grill-s-07_200x200-PU4a7e1_1.jpg', '2015-12-05 02:24:32', '2015-12-05 02:24:32'),
(305164, 'Cadence VAP901', 9798, 59, 74.90, '', 'http://thumbs.buscape.com.br/passadeira-a-vapor/cadence-vap901_200x200-PU4a80c_1.jpg', '2015-12-05 02:25:07', '2015-12-05 02:25:07'),
(305820, 'Colormaq Hermético Refrigerado', 9863, 112, 522.24, '', 'http://thumbs.buscape.com.br/purificador-de-agua/colormaq-hermetico-refrigerado_200x200-PU4aa9c_1.jpg', '2015-12-05 02:25:11', '2015-12-05 02:25:11'),
(305876, 'E-Ink 6 W860', 10104, 23, 0.00, '', 'http://thumbs.buscape.com.br/leitor-de-e-book/e-ink-6-w860_200x200-PU4aad4_1.jpg', '2015-12-05 02:25:14', '2015-12-05 02:25:14'),
(305883, 'Elgin ER-7001', 10104, 14, 0.00, '', 'http://thumbs.buscape.com.br/leitor-de-e-book/elgin-er-7001_200x200-PU4aadb_1.jpg', '2015-12-05 02:25:14', '2015-12-05 02:25:14'),
(306835, 'Fun Kitchen 109471519', 9800, 72, 0.00, '', 'http://thumbs.buscape.com.br/maquina-de-sorvete/fun-kitchen-109471519_200x200-PU4ae93_1.jpg', '2015-12-05 02:25:09', '2015-12-05 02:25:09'),
(306853, 'Electrolux CL07R', 8958, 52, 549.86, '', 'http://thumbs.buscape.com.br/climatizador/electrolux-cl07r_200x200-PU4aea5_1.jpg', '2015-12-05 02:25:03', '2015-12-05 02:25:03'),
(307605, 'Polar WP 1000', 9863, 113, 299.49, '', 'http://thumbs.buscape.com.br/purificador-de-agua/polar-wp-1000_200x200-PU4b195_1.jpg', '2015-12-05 02:25:11', '2015-12-05 02:25:11'),
(307665, 'Anodilar 22', 10112, 152, 0.00, '', 'http://thumbs.buscape.com.br/moedor-de-carne/anodilar-22_200x200-PU4b1d1_1.jpg', '2015-12-05 02:25:15', '2015-12-05 02:25:15'),
(307751, 'Sanyo PLC-XL50', 37, 38, 7599.05, '', 'http://thumbs.buscape.com.br/projetor-multimidia/sanyo-plc-xl50_200x200-PU4b227_1.jpg', '2015-12-05 02:24:10', '2015-12-05 02:24:10'),
(309106, 'Epson PERFECTION V330', 2506, 39, 0.00, '', 'http://thumbs.buscape.com.br/scanner/epson-perfection-v330_200x200-PU4b772_1.jpg', '2015-12-05 02:24:35', '2015-12-05 02:24:35'),
(309235, 'Suggar JR1001', 10039, 64, 74.89, '', 'http://thumbs.buscape.com.br/chaleira-eletrica/suggar-jr1001_200x200-PU4b7f3_1.jpg', '2015-12-05 02:25:13', '2015-12-05 02:25:13'),
(309415, 'InSinkErator Modelo 50', 10110, 149, 0.00, '', 'http://thumbs.buscape.com.br/triturador-de-alimentos/insinkerator-modelo-50_200x200-PU4b8a7_1.jpg', '2015-12-05 02:25:14', '2015-12-05 02:25:14'),
(309868, 'Polar WP 2000', 9863, 113, 205.43, '', 'http://thumbs.buscape.com.br/purificador-de-agua/polar-wp-2000_200x200-PU4ba6c_1.jpg', '2015-12-05 02:25:11', '2015-12-05 02:25:11'),
(310278, 'Tweeny Tritury Modelo 100', 10110, 150, 0.00, '', 'http://thumbs.buscape.com.br/triturador-de-alimentos/tweeny-tritury-modelo-100_200x200-PU4bc06_1.jpg', '2015-12-05 02:25:14', '2015-12-05 02:25:14'),
(310368, 'Refrigerador Brastemp BRM50NB 429 Litros Branco', 3673, 108, 2446.18, '', 'http://thumbs.buscape.com.br/geladeira-refrigerador/refrigerador-brastemp-brm50nb-429-litros-branco_200x200-PU4bc60_1.jpg', '2015-12-05 02:24:48', '2015-12-05 02:24:48'),
(310395, 'Refrigerador Brastemp BRM48NB 403 Litros Branco', 3673, 108, 2211.78, '', 'http://thumbs.buscape.com.br/geladeira-refrigerador/refrigerador-brastemp-brm48nb-403-litros-branco_200x200-PU4bc7b_1.jpg', '2015-12-05 02:24:48', '2015-12-05 02:24:48'),
(310714, 'Ducha Lorenzetti LorenFive', 3447, 102, 254.25, '', 'http://thumbs.buscape.com.br/chuveiro-ducha/ducha-lorenzetti-lorenfive_200x200-PU4bdba_1.jpg', '2015-12-05 02:24:40', '2015-12-05 02:24:40'),
(310777, 'Tilibra TC08 Científica', 11, 12, 47.61, '', 'http://thumbs.buscape.com.br/calculadora/tilibra-tc08-cientifica_200x200-PU4bdf9_1.jpg', '2015-12-05 02:24:06', '2015-12-05 02:24:06'),
(310862, 'Cadence VAP902', 9798, 59, 185.97, '', 'http://thumbs.buscape.com.br/passadeira-a-vapor/cadence-vap902_200x200-PU4be4e_1.jpg', '2015-12-05 02:25:07', '2015-12-05 02:25:07'),
(312195, 'Brastemp Ative! BMS45 Branco', 126, 66, 548.50, '', 'http://thumbs.buscape.com.br/microondas/brastemp-ative-bms45-branco_200x200-PU4c383_1.jpg', '2015-12-05 02:24:20', '2015-12-05 02:24:20'),
(312201, 'Brastemp Ative! BMT45 Inox', 126, 66, 632.98, '', 'http://thumbs.buscape.com.br/microondas/brastemp-ative-bmt45-inox_200x200-PU4c389_1.jpg', '2015-12-05 02:24:20', '2015-12-05 02:24:20'),
(312206, 'Brastemp Ative! BMF45 Branco', 126, 66, 473.05, '', 'http://thumbs.buscape.com.br/microondas/brastemp-ative-bmf45-branco_200x200-PU4c38e_1.jpg', '2015-12-05 02:24:20', '2015-12-05 02:24:20'),
(314191, 'Battlefield 3 Playstation 3 Blu-Ray', 6409, 176, 100.44, '', 'http://thumbs.buscape.com.br/jogos/battlefield-3-playstation-3-blu-ray_200x200-PU4cb4f_1.jpg', '2015-12-05 02:24:53', '2015-12-05 02:24:53'),
(315050, 'Arbel MCR08', 10112, 135, 0.00, '', 'http://thumbs.buscape.com.br/moedor-de-carne/arbel-mcr08_200x200-PU4ceaa_1.jpg', '2015-12-05 02:25:15', '2015-12-05 02:25:15'),
(317019, 'Sony BDP-S380 Blu-Ray', 9754, 4, 0.00, '', 'http://thumbs.buscape.com.br/blu-ray-player-hd-dvd-player/sony-bdp-s380-blu-ray_200x200-PU4d65b_1.jpg', '2015-12-05 02:25:05', '2015-12-05 02:25:05'),
(318638, 'Nespresso Pixie C60 Elétrica', 121, 61, 576.62, '', 'http://thumbs.buscape.com.br/cafeteira/nespresso-pixie-c60-eletrica_200x200-PU4dcae_1.jpg', '2015-12-05 02:24:19', '2015-12-05 02:24:19'),
(318893, 'Fun Kitchen Passadeira Portátil', 9798, 72, 80.91, '', 'http://thumbs.buscape.com.br/passadeira-a-vapor/fun-kitchen-passadeira-portatil_200x200-PU4ddad_1.jpg', '2015-12-05 02:25:07', '2015-12-05 02:25:07'),
(318941, 'Batiki Facilita Kitchen Recarregável', 142, 74, 0.00, '', 'http://thumbs.buscape.com.br/faca-eletrica/batiki-facilita-kitchen-recarregavel_200x200-PU4dddd_1.jpg', '2015-12-05 02:24:27', '2015-12-05 02:24:27'),
(319259, 'Philco Nectar Turbo PEF01', 123, 5, 96.90, '', 'http://thumbs.buscape.com.br/espremedor-de-frutas/philco-nectar-turbo-pef01_200x200-PU4df1b_1.jpg', '2015-12-05 02:24:19', '2015-12-05 02:24:19'),
(319308, 'Procalc PC818 Mesa', 11, 11, 34.20, '', 'http://thumbs.buscape.com.br/calculadora/procalc-pc818-mesa_200x200-PU4df4c_1.jpg', '2015-12-05 02:24:06', '2015-12-05 02:24:06'),
(319624, 'Sunfire TravelScan TS1', 2506, 45, 0.00, '', 'http://thumbs.buscape.com.br/scanner/sunfire-travelscan-ts1_200x200-PU4e088_1.jpg', '2015-12-05 02:24:35', '2015-12-05 02:24:35'),
(320610, 'Epson PowerLite 96W', 37, 39, 3952.00, '', 'http://thumbs.buscape.com.br/projetor-multimidia/epson-powerlite-96w_200x200-PU4e462_1.jpg', '2015-12-05 02:24:10', '2015-12-05 02:24:10'),
(320722, 'Tramontina Vetro Flex 75 cm Parede Aço Inox', 7594, 71, 1522.49, '', 'http://thumbs.buscape.com.br/coifa-exaustor/tramontina-vetro-flex-75-cm-parede-aco-inox_200x200-PU4e4d2_1.jpg', '2015-12-05 02:25:01', '2015-12-05 02:25:01'),
(320776, 'Cuisinart TAN 4', 151, 60, 391.00, '', 'http://thumbs.buscape.com.br/torradeira/cuisinart-tan-4_200x200-PU4e508_1.jpg', '2015-12-05 02:24:31', '2015-12-05 02:24:31'),
(321082, 'Multilaser New Vision WC044', 103, 31, 53.90, '', 'http://thumbs.buscape.com.br/webcam/multilaser-new-vision-wc044_200x200-PU4e63a_1.jpg', '2015-12-05 02:24:15', '2015-12-05 02:24:15'),
(321127, 'Fixxar FIX100 Classic Recarregável', 142, 75, 0.00, '', 'http://thumbs.buscape.com.br/faca-eletrica/fixxar-fix100-classic-recarregavel_200x200-PU4e667_1.jpg', '2015-12-05 02:24:27', '2015-12-05 02:24:27'),
(321615, 'Grill/Sanduicheira George Foreman Jumbo GBZ6BW', 157, 85, 251.28, '', 'http://thumbs.buscape.com.br/grill-eletrico-sanduicheira/grill-sanduicheira-george-foreman-jumbo-gbz6bw_200x200-PU4e84f_1.jpg', '2015-12-05 02:24:33', '2015-12-05 02:24:33'),
(322394, 'Colormaq Refrigerado', 6477, 112, 473.96, '', 'http://thumbs.buscape.com.br/bebedouro/colormaq-refrigerado_200x200-PU4eb5a_1.jpg', '2015-12-05 02:24:56', '2015-12-05 02:24:56'),
(323284, 'Brastemp BOB61AR de Embutir', 145, 66, 1296.31, '', 'http://thumbs.buscape.com.br/forno-eletrico/brastemp-bob61ar-de-embutir_200x200-PU4eed4_1.jpg', '2015-12-05 02:24:27', '2015-12-05 02:24:27'),
(323488, 'Mondial VP-02', 9798, 8, 247.46, '', 'http://thumbs.buscape.com.br/passadeira-a-vapor/mondial-vp-02_200x200-PU4efa0_1.jpg', '2015-12-05 02:25:07', '2015-12-05 02:25:07'),
(324112, 'Easy Cooler 8 Garrafas', 6507, 116, 557.10, '', 'http://thumbs.buscape.com.br/adega-climatizada/easy-cooler-8-garrafas_200x200-PU4f210_1.jpg', '2015-12-05 02:24:58', '2015-12-05 02:24:58'),
(324114, 'Easy Cooler 18 Garrafas', 6507, 116, 1052.10, '', 'http://thumbs.buscape.com.br/adega-climatizada/easy-cooler-18-garrafas_200x200-PU4f212_1.jpg', '2015-12-05 02:24:58', '2015-12-05 02:24:58'),
(325178, 'Refrigerador Electrolux DF36X 310 Litros Inox', 3673, 108, 1940.86, '', 'http://thumbs.buscape.com.br/geladeira-refrigerador/refrigerador-electrolux-df36x-310-litros-inox_200x200-PU4f63a_1.jpg', '2015-12-05 02:24:48', '2015-12-05 02:24:48'),
(328045, 'Nintendo Wii U Basic 8 GB', 6058, 159, 1599.90, '', 'http://thumbs.buscape.com.br/console-de-videogame/nintendo-wii-u-basic-8-gb_200x200-PU5016d_1.jpg', '2015-12-05 02:24:52', '2015-12-05 02:24:52'),
(328136, 'Singer Promise 1408', 154, 82, 449.10, '', 'http://thumbs.buscape.com.br/maquina-de-costura/singer-promise-1408_200x200-PU501c8_1.jpg', '2015-12-05 02:24:32', '2015-12-05 02:24:32'),
(329073, 'Refrigerador Electrolux DC49A 462 Litros Branco', 3673, 108, 1845.71, '', 'http://thumbs.buscape.com.br/geladeira-refrigerador/refrigerador-electrolux-dc49a-462-litros-branco_200x200-PU50571_1.jpg', '2015-12-05 02:24:48', '2015-12-05 02:24:48'),
(329135, 'KÄRCHER K 2.350', 2423, 90, 356.45, '', 'http://thumbs.buscape.com.br/lavadora-de-alta-pressao/karcher-k-2-350_200x200-PU505af_1.jpg', '2015-12-05 02:24:34', '2015-12-05 02:24:34'),
(329449, 'Ventisol AQ Quartzo', 2800, 95, 80.97, '', 'http://thumbs.buscape.com.br/aquecedor-de-ambiente/ventisol-aq-quartzo_200x200-PU506e9_1.jpg', '2015-12-05 02:24:36', '2015-12-05 02:24:36'),
(330294, 'Singer Facilita Pro 4411', 154, 82, 699.00, '', 'http://thumbs.buscape.com.br/maquina-de-costura/singer-facilita-pro-4411_200x200-PU50a36_1.jpg', '2015-12-05 02:24:32', '2015-12-05 02:24:32'),
(331628, 'Western Digital WD TV Live WDBAAN0000NBK', 10936, 26, 0.00, '', 'http://thumbs.buscape.com.br/media-server/western-digital-wd-tv-live-wdbaan0000nbk_200x200-PU50f6c_1.jpg', '2015-12-05 02:25:18', '2015-12-05 02:25:18'),
(331645, 'Seagate FreeAgent GoFlex STAJ100', 10936, 27, 0.00, '', 'http://thumbs.buscape.com.br/media-server/seagate-freeagent-goflex-staj100_200x200-PU50f7d_1.jpg', '2015-12-05 02:25:18', '2015-12-05 02:25:18'),
(331654, 'Elgin MPE-322', 10936, 14, 0.00, '', 'http://thumbs.buscape.com.br/media-server/elgin-mpe-322_200x200-PU50f86_1.jpg', '2015-12-05 02:25:18', '2015-12-05 02:25:18'),
(331739, 'Western Digital WD TV Live Hub WDBABZ0010BBK', 10936, 26, 0.00, '', 'http://thumbs.buscape.com.br/media-server/western-digital-wd-tv-live-hub-wdbabz0010bbk_200x200-PU50fdb_1.jpg', '2015-12-05 02:25:18', '2015-12-05 02:25:18'),
(331835, 'Zinwell ZP-500', 10936, 28, 0.00, '', 'http://thumbs.buscape.com.br/media-server/zinwell-zp-500_200x200-PU5103b_1.jpg', '2015-12-05 02:25:18', '2015-12-05 02:25:18'),
(332406, 'D-Link Boxee Box DSM-380', 10936, 29, 0.00, '', 'http://thumbs.buscape.com.br/media-server/d-link-boxee-box-dsm-380_200x200-PU51276_1.jpg', '2015-12-05 02:25:18', '2015-12-05 02:25:18'),
(332633, 'Singer Brilliance 6180', 154, 82, 918.00, '', 'http://thumbs.buscape.com.br/maquina-de-costura/singer-brilliance-6180_200x200-PU51359_1.jpg', '2015-12-05 02:24:32', '2015-12-05 02:24:32'),
(332635, 'Singer Brilliance 6160', 154, 82, 877.04, '', 'http://thumbs.buscape.com.br/maquina-de-costura/singer-brilliance-6160_200x200-PU5135b_1.jpg', '2015-12-05 02:24:32', '2015-12-05 02:24:32'),
(333119, 'Refrigerador Electrolux DF42 382 Litros Branco', 3673, 108, 1708.98, '', 'http://thumbs.buscape.com.br/geladeira-refrigerador/refrigerador-electrolux-df42-382-litros-branco_200x200-PU5153f_1.jpg', '2015-12-05 02:24:48', '2015-12-05 02:24:48'),
(334057, 'West Press W-12431', 2845, 99, 0.00, '', 'http://thumbs.buscape.com.br/higienizador-a-vapor/west-press-w-12431_200x200-PU518e9_1.jpg', '2015-12-05 02:24:37', '2015-12-05 02:24:37'),
(334786, 'Janome 4120QDC', 154, 83, 3892.75, '', 'http://thumbs.buscape.com.br/maquina-de-costura/janome-4120qdc_200x200-PU51bc2_1.jpg', '2015-12-05 02:24:32', '2015-12-05 02:24:32'),
(335185, 'Arke Practice', 10113, 155, 0.00, '', 'http://thumbs.buscape.com.br/fabrica-de-massa/arke-practice_200x200-PU51d51_1.jpg', '2015-12-05 02:25:15', '2015-12-05 02:25:15'),
(335217, 'Chuveiro Lorenzetti Bella Ducha', 3447, 101, 54.90, '', 'http://thumbs.buscape.com.br/chuveiro-ducha/chuveiro-lorenzetti-bella-ducha_200x200-PU51d71_1.jpg', '2015-12-05 02:24:41', '2015-12-05 02:24:41'),
(335885, 'Arno Brilium', 132, 55, 0.00, '', 'http://thumbs.buscape.com.br/enceradeira/arno-brilium_200x200-PU5200d_1.jpg', '2015-12-05 02:24:24', '2015-12-05 02:24:24'),
(335906, 'Layr Gold 46 Litros Inox', 9544, 126, 432.19, '', 'http://thumbs.buscape.com.br/forno-a-gas/layr-gold-46-litros-inox_200x200-PU52022_1.jpg', '2015-12-05 02:25:04', '2015-12-05 02:25:04'),
(335912, 'Layr Titanyum Plus 52 Litros Cinza', 9544, 126, 346.25, '', 'http://thumbs.buscape.com.br/forno-a-gas/layr-titanyum-plus-52-litros-cinza_200x200-PU52028_1.jpg', '2015-12-05 02:25:04', '2015-12-05 02:25:04'),
(335922, 'Venax Cristallo 90 Litros Inox', 9544, 127, 1584.50, '', 'http://thumbs.buscape.com.br/forno-a-gas/venax-cristallo-90-litros-inox_200x200-PU52032_1.jpg', '2015-12-05 02:25:04', '2015-12-05 02:25:04'),
(335930, 'Venax Nero 90 Litros Branco', 9544, 127, 1439.50, '', 'http://thumbs.buscape.com.br/forno-a-gas/venax-nero-90-litros-branco_200x200-PU5203a_1.jpg', '2015-12-05 02:25:04', '2015-12-05 02:25:04'),
(335931, 'Venax Nero 50 Litros Branco', 9544, 127, 1249.50, '', 'http://thumbs.buscape.com.br/forno-a-gas/venax-nero-50-litros-branco_200x200-PU5203b_1.jpg', '2015-12-05 02:25:04', '2015-12-05 02:25:04'),
(335932, 'Venax Cristallo 50 Litros Inox', 9544, 127, 1349.50, '', 'http://thumbs.buscape.com.br/forno-a-gas/venax-cristallo-50-litros-inox_200x200-PU5203c_1.jpg', '2015-12-05 02:25:04', '2015-12-05 02:25:04'),
(335933, 'Venax Totale Nero 50 Litros Preto', 9544, 127, 1299.50, '', 'http://thumbs.buscape.com.br/forno-a-gas/venax-totale-nero-50-litros-preto_200x200-PU5203d_1.jpg', '2015-12-05 02:25:04', '2015-12-05 02:25:04'),
(335997, 'Venax Bianco 50 Litros Branco', 9544, 127, 1294.50, '', 'http://thumbs.buscape.com.br/forno-a-gas/venax-bianco-50-litros-branco_200x200-PU5207d_1.jpg', '2015-12-05 02:25:04', '2015-12-05 02:25:04'),
(336006, 'Venax Bianco 90 Litros Branco', 9544, 127, 1439.50, '', 'http://thumbs.buscape.com.br/forno-a-gas/venax-bianco-90-litros-branco_200x200-PU52086_1.jpg', '2015-12-05 02:25:04', '2015-12-05 02:25:04'),
(336011, 'Venax Totale Nero 90 Litros Preto', 9544, 127, 1584.50, '', 'http://thumbs.buscape.com.br/forno-a-gas/venax-totale-nero-90-litros-preto_200x200-PU5208b_1.jpg', '2015-12-05 02:25:04', '2015-12-05 02:25:04'),
(336650, 'Iris IRIScan Book 2', 2506, 46, 0.00, '', 'http://thumbs.buscape.com.br/scanner/iris-iriscan-book-2_200x200-PU5230a_1.jpg', '2015-12-05 02:24:36', '2015-12-05 02:24:36'),
(337715, 'Sony DVP-SR320', 5, 4, 0.00, '', 'http://thumbs.buscape.com.br/dvd-player/sony-dvp-sr320_200x200-PU52733_1.jpg', '2015-12-05 02:24:05', '2015-12-05 02:24:05'),
(338645, 'Tramontina Standard Brasil 5GG 70 Cooktop 5 Bocas Preto', 138, 71, 833.16, '', 'http://thumbs.buscape.com.br/fogao/tramontina-standard-brasil-5gg-70-cooktop-5-bocas-preto_200x200-PU52ad5_1.jpg', '2015-12-05 02:24:26', '2015-12-05 02:24:26'),
(338844, 'Mondial Power 2 L 28 1,5 Litros', 3669, 8, 65.82, '', 'http://thumbs.buscape.com.br/liquidificador/mondial-power-2-l-28-1-5-litros_200x200-PU52b9c_1.jpg', '2015-12-05 02:24:46', '2015-12-05 02:24:46'),
(339218, 'Tramontina Inox Mirror 60-F6 de Embutir', 145, 71, 3867.51, '', 'http://thumbs.buscape.com.br/forno-eletrico/tramontina-inox-mirror-60-f6-de-embutir_200x200-PU52d12_1.jpg', '2015-12-05 02:24:28', '2015-12-05 02:24:28'),
(339248, 'Mondial Prática B-12', 120, 8, 73.92, '', 'http://thumbs.buscape.com.br/batedeira/mondial-pratica-b-12_200x200-PU52d30_1.jpg', '2015-12-05 02:24:18', '2015-12-05 02:24:18'),
(339394, 'Tramontina Dritta 90 cm Parede Aço Inox', 7594, 71, 2445.11, '', 'http://thumbs.buscape.com.br/coifa-exaustor/tramontina-dritta-90-cm-parede-aco-inox_200x200-PU52dc2_1.jpg', '2015-12-05 02:25:01', '2015-12-05 02:25:01'),
(339452, 'Telefone Sem Fio VTech Lyrix 500', 3772, 182, 161.50, '', 'http://thumbs.buscape.com.br/aparelho-de-telefone/sem-fio-vtech-lyrix-500_200x200-PU52dfc_1.jpg', '2015-12-05 02:24:49', '2015-12-05 02:24:49'),
(339454, 'Telefone Sem Fio VTech Lyrix 550SE', 3772, 182, 181.66, '', 'http://thumbs.buscape.com.br/aparelho-de-telefone/sem-fio-vtech-lyrix-550se_200x200-PU52dfe_1.jpg', '2015-12-05 02:24:49', '2015-12-05 02:24:49'),
(339455, 'Telefone Sem Fio VTech Lyrix 550', 3772, 182, 134.50, '', 'http://thumbs.buscape.com.br/aparelho-de-telefone/sem-fio-vtech-lyrix-550_200x200-PU52dff_1.jpg', '2015-12-05 02:24:49', '2015-12-05 02:24:49'),
(340541, 'Arno Hot Express', 10039, 55, 152.60, '', 'http://thumbs.buscape.com.br/chaleira-eletrica/arno-hot-express_200x200-PU5323d_1.jpg', '2015-12-05 02:25:13', '2015-12-05 02:25:13'),
(343901, 'Western Digital WD TV Live Plus HD WDBREC0000NBK', 10936, 26, 0.00, '', 'http://thumbs.buscape.com.br/media-server/western-digital-wd-tv-live-plus-hd-wdbrec0000nbk_200x200-PU53f5d_1.jpg', '2015-12-05 02:25:18', '2015-12-05 02:25:18'),
(344189, 'Fischer Hot Grill 44L de Mesa', 145, 65, 375.92, '', 'http://thumbs.buscape.com.br/forno-eletrico/fischer-hot-grill-44l-de-mesa_200x200-PU5407d_1.jpg', '2015-12-05 02:24:27', '2015-12-05 02:24:27'),
(344217, 'Brastemp Ative BO160AR de Embutir', 145, 66, 2232.89, '', 'http://thumbs.buscape.com.br/forno-eletrico/brastemp-ative-bo160ar-de-embutir_200x200-PU54099_1.jpg', '2015-12-05 02:24:27', '2015-12-05 02:24:27'),
(344506, 'Brastemp Gourmand BO260AR de Embutir', 145, 66, 2540.33, '', 'http://thumbs.buscape.com.br/forno-eletrico/brastemp-gourmand-bo260ar-de-embutir_200x200-PU541ba_1.jpg', '2015-12-05 02:24:27', '2015-12-05 02:24:27'),
(344756, 'KÄRCHER K 3.140', 2423, 90, 375.34, '', 'http://thumbs.buscape.com.br/lavadora-de-alta-pressao/karcher-k-3-140_200x200-PU542b4_1.jpg', '2015-12-05 02:24:34', '2015-12-05 02:24:34'),
(346141, 'Brastemp Ative BLF08AB De Piso', 129, 66, 1223.92, '', 'http://thumbs.buscape.com.br/lava-loucas/brastemp-ative-blf08ab-de-piso_200x200-PU5481d_1.jpg', '2015-12-05 02:24:22', '2015-12-05 02:24:22'),
(346144, 'Brastemp Clean BLF06 De Piso', 129, 66, 983.32, '', 'http://thumbs.buscape.com.br/lava-loucas/brastemp-clean-blf06-de-piso_200x200-PU54820_1.jpg', '2015-12-05 02:24:23', '2015-12-05 02:24:23'),
(346145, 'Brastemp Ative BLF08AS De Piso', 129, 66, 1329.30, '', 'http://thumbs.buscape.com.br/lava-loucas/brastemp-ative-blf08as-de-piso_200x200-PU54821_1.jpg', '2015-12-05 02:24:23', '2015-12-05 02:24:23'),
(346309, 'Philco Cake Nuts', 8909, 5, 0.00, '', 'http://thumbs.buscape.com.br/panificadora-domestica/philco-cake-nuts_200x200-PU548c5_1.jpg', '2015-12-05 02:25:02', '2015-12-05 02:25:02'),
(346688, 'Amazon Kindle Touch', 10104, 20, 0.00, '', 'http://thumbs.buscape.com.br/leitor-de-e-book/amazon-kindle-touch_200x200-PU54a40_1.jpg', '2015-12-05 02:25:14', '2015-12-05 02:25:14'),
(347023, 'Arno Turbo Silêncio Repelente CC95 3 Pás Circulador', 3662, 55, 217.25, '', 'http://thumbs.buscape.com.br/ventilador-circulador/arno-turbo-silencio-repelente-cc95-3-pas-circulador_200x200-PU54b8f_1.jpg', '2015-12-05 02:24:44', '2015-12-05 02:24:44'),
(347303, 'Chuveiro Cardal Suprema Plus', 3447, 101, 76.49, '', 'http://thumbs.buscape.com.br/chuveiro-ducha/chuveiro-cardal-suprema-plus_200x200-PU54ca7_1.jpg', '2015-12-05 02:24:40', '2015-12-05 02:24:40'),
(348903, 'Electrolux Power Wash EWS10', 2423, 52, 257.15, '', 'http://thumbs.buscape.com.br/lavadora-de-alta-pressao/electrolux-power-wash-ews10_200x200-PU552e7_1.jpg', '2015-12-05 02:24:34', '2015-12-05 02:24:34'),
(349922, 'Electrolux Perfect Line SIP10', 3852, 52, 243.98, '', 'http://thumbs.buscape.com.br/ferro-de-passar-roupas/electrolux-perfect-line-sip10_200x200-PU556e2_1.jpg', '2015-12-05 02:24:50', '2015-12-05 02:24:50'),
(351547, 'Arno Ultrasteam', 9798, 55, 0.00, '', 'http://thumbs.buscape.com.br/passadeira-a-vapor/arno-ultrasteam_200x200-PU55d3b_1.jpg', '2015-12-05 02:25:08', '2015-12-05 02:25:08'),
(352339, 'Cadence Max Juice ESP801', 123, 59, 79.95, '', 'http://thumbs.buscape.com.br/espremedor-de-frutas/cadence-max-juice-esp801_100x100-PU56053_1.jpg', '2015-12-05 02:24:19', '2015-12-05 02:24:19'),
(352950, 'Electrolux Intelligent Sensor LST12 Superior 12 Kg Branco', 3671, 52, 2374.35, '', 'http://thumbs.buscape.com.br/maquina-de-lavar-roupas/electrolux-intelligent-sensor-lst12-superior-12-kg-branco_200x200-PU562b6_1.jpg', '2015-12-05 02:24:48', '2015-12-05 02:24:48'),
(353504, 'Lorenzetti LZ 2500D Gás GLP 22,5 Litros', 7578, 117, 1698.60, '', 'http://thumbs.buscape.com.br/aquecedor-de-agua/lorenzetti-lz-2500d-gas-glp-22-5-litros_200x200-PU564e0_1.jpg', '2015-12-05 02:25:00', '2015-12-05 02:25:00'),
(353510, 'Lorenzetti LZ 750BP Gás GLP 7 Litros', 7578, 117, 296.90, '', 'http://thumbs.buscape.com.br/aquecedor-de-agua/lorenzetti-lz-750bp-gas-glp-7-litros_200x200-PU564e6_1.jpg', '2015-12-05 02:25:00', '2015-12-05 02:25:00'),
(353725, 'Lorenzetti LZ 2500D Gás Natural 22 Litros', 7578, 117, 1597.30, '', 'http://thumbs.buscape.com.br/aquecedor-de-agua/lorenzetti-lz-2500d-gas-natural-22-litros_200x200-PU565bd_1.jpg', '2015-12-05 02:25:00', '2015-12-05 02:25:00'),
(353733, 'Lorenzetti LZ 1600 Gás GLP 15 Litros', 7578, 117, 899.90, '', 'http://thumbs.buscape.com.br/aquecedor-de-agua/lorenzetti-lz-1600-gas-glp-15-litros_200x200-PU565c5_1.jpg', '2015-12-05 02:25:00', '2015-12-05 02:25:00'),
(353736, 'Lorenzetti LZ 750BP Gás Natural 7,5 Litros', 7578, 117, 296.90, '', 'http://thumbs.buscape.com.br/aquecedor-de-agua/lorenzetti-lz-750bp-gas-natural-7-5-litros_200x200-PU565c8_1.jpg', '2015-12-05 02:25:00', '2015-12-05 02:25:00'),
(355227, 'Izumi Iogurteira', 10114, 156, 109.90, '', 'http://thumbs.buscape.com.br/iogurteira/izumi-iogurteira_200x200-PU56b9b_1.jpg', '2015-12-05 02:25:15', '2015-12-05 02:25:15'),
(356642, 'Komeco KO 31DI Gás Natural 31 Litros', 7578, 118, 3299.00, '', 'http://thumbs.buscape.com.br/aquecedor-de-agua/komeco-ko-31di-gas-natural-31-litros_200x200-PU57122_1.jpg', '2015-12-05 02:25:00', '2015-12-05 02:25:00'),
(358467, 'Frigobar Philco PH115 103 Litros Branco', 6504, 114, 778.89, '', 'http://thumbs.buscape.com.br/frigobar/frigobar-philco-ph115-103-litros-branco_200x200-PU57843_1.jpg', '2015-12-05 02:24:57', '2015-12-05 02:24:57'),
(358545, 'Philips HMP3000', 10936, 2, 0.00, '', 'http://thumbs.buscape.com.br/media-server/philips-hmp3000_200x200-PU57891_1.jpg', '2015-12-05 02:25:18', '2015-12-05 02:25:18'),
(359740, 'Philco Master Chef Recarregável', 142, 5, 0.00, '', 'http://thumbs.buscape.com.br/faca-eletrica/philco-master-chef-recarregavel_200x200-PU57d3c_1.jpg', '2015-12-05 02:24:27', '2015-12-05 02:24:27'),
(360905, 'Black & Decker AP4000 1600 W', 119, 53, 436.64, '', 'http://thumbs.buscape.com.br/aspirador-de-po-agua/black-decker-ap4000-1600-w_200x200-PU581c9_1.jpg', '2015-12-05 02:24:16', '2015-12-05 02:24:16'),
(362676, 'Impressora HP OfficeJet Pro 8100 Jato de Tinta', 3606, 10, 777.18, '', 'http://thumbs.buscape.com.br/impressora/impressora-hp-officejet-pro-8100-jato-de-tinta_200x200-PU588b4_1.jpg', '2015-12-05 02:24:43', '2015-12-05 02:24:43'),
(366646, 'Apple TV 2ª Geração', 10936, 30, 0.00, '', 'http://thumbs.buscape.com.br/media-server/apple-tv-2-geracao_200x200-PU59836_1.jpg', '2015-12-05 02:25:18', '2015-12-05 02:25:18'),
(369372, 'Ventisol Eco 30cm 3 Pás Mesa', 3662, 95, 78.05, '', 'http://thumbs.buscape.com.br/ventilador-circulador/ventisol-eco-30cm-3-pas-mesa_200x200-PU5a2dc_1.jpg', '2015-12-05 02:24:45', '2015-12-05 02:24:45'),
(369383, 'Telefone Sem Fio Motorola Auri 3500', 3772, 179, 210.25, '', 'http://thumbs.buscape.com.br/aparelho-de-telefone/sem-fio-motorola-auri-3500_200x200-PU5a2e7_1.jpg', '2015-12-05 02:24:49', '2015-12-05 02:24:49'),
(372417, 'Black & Decker AJ2032', 3852, 53, 104.90, '', 'http://thumbs.buscape.com.br/ferro-de-passar-roupas/black-decker-aj2032_200x200-PU5aec1_1.jpg', '2015-12-05 02:24:50', '2015-12-05 02:24:50'),
(372420, 'Black & Decker AJ2056', 3852, 53, 132.71, '', 'http://thumbs.buscape.com.br/ferro-de-passar-roupas/black-decker-aj2056_200x200-PU5aec4_1.jpg', '2015-12-05 02:24:50', '2015-12-05 02:24:50'),
(374523, 'Electrolux MEX55 Inox', 126, 52, 986.58, '', 'http://thumbs.buscape.com.br/microondas/electrolux-mex55-inox_200x200-PU5b6fb_1.jpg', '2015-12-05 02:24:20', '2015-12-05 02:24:20'),
(375086, 'Philco Easy Clean 1000 W', 119, 5, 270.65, '', 'http://thumbs.buscape.com.br/aspirador-de-po-agua/philco-easy-clean-1000-w_200x200-PU5b92e_1.jpg', '2015-12-05 02:24:16', '2015-12-05 02:24:16'),
(375685, 'Grill Mondial G-07', 157, 84, 113.96, '', 'http://thumbs.buscape.com.br/grill-eletrico-sanduicheira/grill-mondial-g-07_200x200-PU5bb85_1.jpg', '2015-12-05 02:24:32', '2015-12-05 02:24:32'),
(376235, 'Sony Playstation Vita Wi-Fi', 6058, 4, 1209.45, '', 'http://thumbs.buscape.com.br/console-de-videogame/sony-playstation-vita-wi-fi_200x200-PU5bdab_1.jpg', '2015-12-05 02:24:52', '2015-12-05 02:24:52'),
(376945, 'Philips RI2630', 151, 2, 145.77, '', 'http://thumbs.buscape.com.br/torradeira/philips-ri2630_200x200-PU5c071_1.jpg', '2015-12-05 02:24:31', '2015-12-05 02:24:31'),
(377171, 'Electrolux Turbo LT12F Superior 12 Kg Branco', 3671, 52, 1431.58, '', 'http://thumbs.buscape.com.br/maquina-de-lavar-roupas/electrolux-turbo-lt12f-superior-12-kg-branco_200x200-PU5c153_1.jpg', '2015-12-05 02:24:48', '2015-12-05 02:24:48'),
(377872, 'Cadence Toaster Plus TOR105', 151, 59, 106.96, '', 'http://thumbs.buscape.com.br/torradeira/cadence-toaster-plus-tor105_200x200-PU5c410_1.jpg', '2015-12-05 02:24:31', '2015-12-05 02:24:31'),
(378039, 'Komeco KO 20FI Gás Natural 19,5 Litros', 7578, 118, 1599.90, '', 'http://thumbs.buscape.com.br/aquecedor-de-agua/komeco-ko-20fi-gas-natural-19-5-litros_200x200-PU5c4b7_1.jpg', '2015-12-05 02:25:00', '2015-12-05 02:25:00'),
(378054, 'Komeco KO 20F Gás GLP 20,5 Litros', 7578, 118, 1289.00, '', 'http://thumbs.buscape.com.br/aquecedor-de-agua/komeco-ko-20f-gas-glp-20-5-litros_200x200-PU5c4c6_1.jpg', '2015-12-05 02:25:00', '2015-12-05 02:25:00'),
(378060, 'Komeco KO 15F Gás Natural 15,5 Litros', 7578, 118, 999.90, '', 'http://thumbs.buscape.com.br/aquecedor-de-agua/komeco-ko-15f-gas-natural-15-5-litros_200x200-PU5c4cc_1.jpg', '2015-12-05 02:25:00', '2015-12-05 02:25:00'),
(378074, 'KDT Central Eletrônico', 7578, 119, 1949.90, '', 'http://thumbs.buscape.com.br/aquecedor-de-agua/kdt-central-eletronico_200x200-PU5c4da_1.jpg', '2015-12-05 02:25:00', '2015-12-05 02:25:00'),
(378857, 'Cuisinart ICE-21', 9800, 60, 486.49, '', 'http://thumbs.buscape.com.br/maquina-de-sorvete/cuisinart-ice-21_200x200-PU5c7e9_1.jpg', '2015-12-05 02:25:09', '2015-12-05 02:25:09'),
(378960, 'Multilaser Internet Box TV', 10936, 31, 0.00, '', 'http://thumbs.buscape.com.br/media-server/multilaser-internet-box-tv_200x200-PU5c850_1.jpg', '2015-12-05 02:25:18', '2015-12-05 02:25:18'),
(379696, 'Lorenzetti LZ 2000 Gás GLP 19 Litros', 7578, 117, 1183.30, '', 'http://thumbs.buscape.com.br/aquecedor-de-agua/lorenzetti-lz-2000-gas-glp-19-litros_200x200-PU5cb30_1.jpg', '2015-12-05 02:25:00', '2015-12-05 02:25:00'),
(379707, 'Lorenzetti LZ 3700D Gás GLP 36,5 Litros', 7578, 117, 3343.99, '', 'http://thumbs.buscape.com.br/aquecedor-de-agua/lorenzetti-lz-3700d-gas-glp-36-5-litros_200x200-PU5cb3b_1.jpg', '2015-12-05 02:25:00', '2015-12-05 02:25:00'),
(379825, 'Bosch GWH 720 CTDE Gás GLP 36 Litros', 7578, 120, 4999.90, '', 'http://thumbs.buscape.com.br/aquecedor-de-agua/bosch-gwh-720-ctde-gas-glp-36-litros_200x200-PU5cbb1_1.jpg', '2015-12-05 02:25:00', '2015-12-05 02:25:00'),
(380417, 'Mueller Sun 8 Kg', 127, 68, 298.89, '', 'http://thumbs.buscape.com.br/secadora-de-roupas/mueller-sun-8-kg_200x200-PU5ce01_1.jpg', '2015-12-05 02:24:22', '2015-12-05 02:24:22'),
(380471, 'Intech Machine Acqua HL-1400', 2423, 88, 250.06, '', 'http://thumbs.buscape.com.br/lavadora-de-alta-pressao/intech-machine-acqua-hl-1400_200x200-PU5ce37_1.jpg', '2015-12-05 02:24:34', '2015-12-05 02:24:34'),
(381177, 'KITCHENAID KJC02AF', 151, 80, 734.53, '', 'http://thumbs.buscape.com.br/torradeira/kitchenaid-kjc02af_200x200-PU5d0f9_1.jpg', '2015-12-05 02:24:31', '2015-12-05 02:24:31'),
(381178, 'KITCHENAID KJC04AF', 151, 80, 754.45, '', 'http://thumbs.buscape.com.br/torradeira/kitchenaid-kjc04af_200x200-PU5d0fa_1.jpg', '2015-12-05 02:24:31', '2015-12-05 02:24:31'),
(381326, 'Logitech C920', 103, 43, 0.00, '', 'http://thumbs.buscape.com.br/webcam/logitech-c920_200x200-PU5d18e_1.jpg', '2015-12-05 02:24:15', '2015-12-05 02:24:15'),
(381419, 'Elgin MAF-9000 Portátil 9000 BTUs Quente/Frio', 3661, 14, 1648.70, '', 'http://thumbs.buscape.com.br/ar-condicionado/elgin-maf-9000-portatil-9000-btus-quente-frio_200x200-PU5d1eb_1.jpg', '2015-12-05 02:24:44', '2015-12-05 02:24:44'),
(386300, 'Electrolux ACS12 12 Garrafas', 6507, 52, 849.46, '', 'http://thumbs.buscape.com.br/adega-climatizada/electrolux-acs12-12-garrafas_200x200-PU5e4fc_1.jpg', '2015-12-05 02:24:58', '2015-12-05 02:24:58'),
(387235, 'Mondial Premium Due Silver L-52 1,5 Litros', 3669, 8, 104.71, '', 'http://thumbs.buscape.com.br/liquidificador/mondial-premium-due-silver-l-52-1-5-litros_200x200-PU5e8a3_1.jpg', '2015-12-05 02:24:45', '2015-12-05 02:24:45'),
(387318, 'Apple TV 3ª Geração', 10936, 30, 0.00, '', 'http://thumbs.buscape.com.br/media-server/apple-tv-3-geracao_200x200-PU5e8f6_1.jpg', '2015-12-05 02:25:18', '2015-12-05 02:25:18'),
(388364, 'Arno Gelato Icee', 9800, 55, 0.00, '', 'http://thumbs.buscape.com.br/maquina-de-sorvete/arno-gelato-icee_200x200-PU5ed0c_1.jpg', '2015-12-05 02:25:09', '2015-12-05 02:25:09'),
(388546, 'Cadence MDR301 Monovolt V', 9799, 59, 89.90, '', 'http://thumbs.buscape.com.br/moedor-de-cafe/cadence-mdr301-monovolt-v_200x200-PU5edc2_1.jpg', '2015-12-05 02:25:09', '2015-12-05 02:25:09'),
(388549, 'Cuisinart DCG-20N Monovolt V', 9799, 60, 0.00, '', 'http://thumbs.buscape.com.br/moedor-de-cafe/cuisinart-dcg-20n-monovolt-v_200x200-PU5edc5_1.jpg', '2015-12-05 02:25:09', '2015-12-05 02:25:09'),
(388551, 'Cuisinart DBM8 Monovolt V', 9799, 60, 0.00, '', 'http://thumbs.buscape.com.br/moedor-de-cafe/cuisinart-dbm8-monovolt-v_200x200-PU5edc7_1.jpg', '2015-12-05 02:25:09', '2015-12-05 02:25:09'),
(388566, 'Krups GVX208 Monovolt V', 9799, 134, 0.00, '', 'http://thumbs.buscape.com.br/moedor-de-cafe/krups-gvx208-monovolt-v_200x200-PU5edd6_1.jpg', '2015-12-05 02:25:09', '2015-12-05 02:25:09'),
(388658, 'Truly 806B-10 Mesa', 11, 13, 29.80, '', 'http://thumbs.buscape.com.br/calculadora/truly-806b-10-mesa_200x200-PU5ee32_1.jpg', '2015-12-05 02:24:06', '2015-12-05 02:24:06'),
(388687, 'Tilibra Tc12 Portátil', 11, 12, 17.91, '', 'http://thumbs.buscape.com.br/calculadora/tilibra-tc12-portatil_200x200-PU5ee4f_1.jpg', '2015-12-05 02:24:06', '2015-12-05 02:24:06'),
(389406, 'Philco Paris', 120, 5, 109.64, '', 'http://thumbs.buscape.com.br/batedeira/philco-paris_200x200-PU5f11e_1.jpg', '2015-12-05 02:24:18', '2015-12-05 02:24:18'),
(389820, 'Arno Clic Lav Top LN72 2 Litros', 3669, 55, 156.75, '', 'http://thumbs.buscape.com.br/liquidificador/arno-clic-lav-top-ln72-2-litros_200x200-PU5f2bc_1.jpg', '2015-12-05 02:24:45', '2015-12-05 02:24:45'),
(390202, 'Cadence ADE160 16 Garrafas', 6507, 59, 778.00, '', 'http://thumbs.buscape.com.br/adega-climatizada/cadence-ade160-16-garrafas_200x200-PU5f43a_1.jpg', '2015-12-05 02:24:58', '2015-12-05 02:24:58'),
(390274, 'Western Digital WD TV Live WDBHG70000NBK', 10936, 26, 0.00, '', 'http://thumbs.buscape.com.br/media-server/western-digital-wd-tv-live-wdbhg70000nbk_200x200-PU5f482_1.jpg', '2015-12-05 02:25:18', '2015-12-05 02:25:18'),
(391117, 'Marchesoni Comercial Oxy OCH300', 9796, 128, 0.00, '', 'http://thumbs.buscape.com.br/chocolateira/marchesoni-comercial-oxy-och300_200x200-PU5f7cd_1.jpg', '2015-12-05 02:25:06', '2015-12-05 02:25:06'),
(392596, 'Elgin MV-4125 Mesa', 11, 14, 30.67, '', 'http://thumbs.buscape.com.br/calculadora/elgin-mv-4125-mesa_200x200-PU5fd94_1.jpg', '2015-12-05 02:24:06', '2015-12-05 02:24:06'),
(393550, 'Chuveiro Lorenzetti Top Jet', 3447, 101, 79.78, '', 'http://thumbs.buscape.com.br/chuveiro-ducha/chuveiro-lorenzetti-top-jet_200x200-PU6014e_1.jpg', '2015-12-05 02:24:40', '2015-12-05 02:24:40'),
(394425, 'Midea MWC23 23 Garrafas', 6507, 105, 899.10, '', 'http://thumbs.buscape.com.br/adega-climatizada/midea-mwc23-23-garrafas_200x200-PU604b9_1.jpg', '2015-12-05 02:24:58', '2015-12-05 02:24:58'),
(394472, 'Fischer Spin 10 Kg', 127, 65, 344.81, '', 'http://thumbs.buscape.com.br/secadora-de-roupas/fischer-spin-10-kg_200x200-PU604e8_1.jpg', '2015-12-05 02:24:22', '2015-12-05 02:24:22'),
(394571, 'Electrolux UWS10', 2423, 52, 431.65, '', 'http://thumbs.buscape.com.br/lavadora-de-alta-pressao/electrolux-uws10_200x200-PU6054b_1.jpg', '2015-12-05 02:24:34', '2015-12-05 02:24:34'),
(394684, 'IBBL Hot Dispenser HD5', 9796, 109, 1313.10, '', 'http://thumbs.buscape.com.br/chocolateira/ibbl-hot-dispenser-hd5_200x200-PU605bc_1.jpg', '2015-12-05 02:25:06', '2015-12-05 02:25:06'),
(394825, 'Electrolux Celebrate 52SPX Piso 4 Bocas Inox', 138, 52, 976.19, '', 'http://thumbs.buscape.com.br/fogao/electrolux-celebrate-52spx-piso-4-bocas-inox_200x200-PU60649_1.jpg', '2015-12-05 02:24:26', '2015-12-05 02:24:26'),
(395441, 'Cadence AQC415 Cerâmica', 2800, 59, 293.14, '', 'http://thumbs.buscape.com.br/aquecedor-de-ambiente/cadence-aqc415-ceramica_200x200-PU608b1_1.jpg', '2015-12-05 02:24:36', '2015-12-05 02:24:36'),
(395447, 'Electrolux PA40G', 9863, 52, 926.49, '', 'http://thumbs.buscape.com.br/purificador-de-agua/electrolux-pa40g_200x200-PU608b7_1.jpg', '2015-12-05 02:25:11', '2015-12-05 02:25:11'),
(395711, 'Cuisinart CDF-100', 150, 60, 414.70, '', 'http://thumbs.buscape.com.br/fritadeira/cuisinart-cdf-100_200x200-PU609bf_1.jpg', '2015-12-05 02:24:30', '2015-12-05 02:24:30'),
(397169, 'Arno Uno', 8909, 55, 0.00, '', 'http://thumbs.buscape.com.br/panificadora-domestica/arno-uno_200x200-PU60f71_1.jpg', '2015-12-05 02:25:02', '2015-12-05 02:25:02'),
(397179, 'Samsung Max Plus AS24UWBU Split High Wall 24000 BTUs Frio', 3661, 17, 2400.84, '', 'http://thumbs.buscape.com.br/ar-condicionado/samsung-max-plus-as24uwbu-split-high-wall-24000-btus-frio_200x200-PU60f7b_1.jpg', '2015-12-05 02:24:44', '2015-12-05 02:24:44'),
(397264, 'Electrolux Chef Super 52SB Piso 4 Bocas Branco', 138, 52, 753.01, '', 'http://thumbs.buscape.com.br/fogao/electrolux-chef-super-52sb-piso-4-bocas-branco_200x200-PU60fd0_1.jpg', '2015-12-05 02:24:26', '2015-12-05 02:24:26'),
(397268, 'Electrolux Celebrate Timer 76SRX Piso 5 Bocas Inox', 138, 52, 1518.89, '', 'http://thumbs.buscape.com.br/fogao/electrolux-celebrate-timer-76srx-piso-5-bocas-inox_200x200-PU60fd4_1.jpg', '2015-12-05 02:24:25', '2015-12-05 02:24:25'),
(397438, 'Electrolux Celebrate Timer 76SB Piso 6 Bocas Branco', 138, 52, 1197.83, '', 'http://thumbs.buscape.com.br/fogao/electrolux-celebrate-timer-76sb-piso-6-bocas-branco_200x200-PU6107e_1.jpg', '2015-12-05 02:24:25', '2015-12-05 02:24:25'),
(397441, 'Electrolux Celebrate Timer 76SRB Piso 5 Bocas Branco', 138, 52, 1349.15, '', 'http://thumbs.buscape.com.br/fogao/electrolux-celebrate-timer-76srb-piso-5-bocas-branco_200x200-PU61081_1.jpg', '2015-12-05 02:24:26', '2015-12-05 02:24:26'),
(397939, 'Cadence Easy Pop POP200', 9797, 59, 0.00, '', 'http://thumbs.buscape.com.br/pipoqueira/cadence-easy-pop-pop200_200x200-PU61273_1.jpg', '2015-12-05 02:25:07', '2015-12-05 02:25:07'),
(398172, 'Sony BDP-S590 Blu-Ray 3D', 9754, 4, 0.00, '', 'http://thumbs.buscape.com.br/blu-ray-player-hd-dvd-player/sony-bdp-s590-blu-ray-3d_200x200-PU6135c_1.jpg', '2015-12-05 02:25:05', '2015-12-05 02:25:05'),
(398174, 'Ventisol AO Óleo', 2800, 95, 209.51, '', 'http://thumbs.buscape.com.br/aquecedor-de-ambiente/ventisol-ao-oleo_200x200-PU6135e_1.jpg', '2015-12-05 02:24:36', '2015-12-05 02:24:36'),
(398178, 'West Bend Stir Crazy', 9797, 99, 0.00, '', 'http://thumbs.buscape.com.br/pipoqueira/west-bend-stir-crazy_200x200-PU61362_1.jpg', '2015-12-05 02:25:07', '2015-12-05 02:25:07'),
(398184, 'Presto PopLite', 9797, 130, 0.00, '', 'http://thumbs.buscape.com.br/pipoqueira/presto-poplite_200x200-PU61368_1.jpg', '2015-12-05 02:25:07', '2015-12-05 02:25:07'),
(398193, 'Cadence Iluminatta CEL304', 10039, 59, 98.90, '', 'http://thumbs.buscape.com.br/chaleira-eletrica/cadence-iluminatta-cel304_200x200-PU61371_1.jpg', '2015-12-05 02:25:13', '2015-12-05 02:25:13'),
(399177, 'Cuisinart CEK-40 Recarregável', 142, 60, 0.00, '', 'http://thumbs.buscape.com.br/faca-eletrica/cuisinart-cek-40-recarregavel_200x200-PU61749_1.jpg', '2015-12-05 02:24:27', '2015-12-05 02:24:27'),
(399822, 'Brastemp BO360 de Embutir', 145, 66, 1630.48, '', 'http://thumbs.buscape.com.br/forno-eletrico/brastemp-bo360-de-embutir_200x200-PU619ce_1.jpg', '2015-12-05 02:24:28', '2015-12-05 02:24:28'),
(400162, 'Suggar MG10', 9801, 64, 0.00, '', 'http://thumbs.buscape.com.br/maquina-de-gelo/suggar-mg10_200x200-PU61b22_1.jpg', '2015-12-05 02:25:10', '2015-12-05 02:25:10'),
(400165, 'Polar NI2000', 9801, 113, 726.96, '', 'http://thumbs.buscape.com.br/maquina-de-gelo/polar-ni2000_200x200-PU61b25_1.jpg', '2015-12-05 02:25:10', '2015-12-05 02:25:10'),
(400168, 'Springer Ice Maker', 9801, 103, 0.00, '', 'http://thumbs.buscape.com.br/maquina-de-gelo/springer-ice-maker_200x200-PU61b28_1.jpg', '2015-12-05 02:25:10', '2015-12-05 02:25:10'),
(400170, 'Polar NI1000', 9801, 113, 773.85, '', 'http://thumbs.buscape.com.br/maquina-de-gelo/polar-ni1000_200x200-PU61b2a_1.jpg', '2015-12-05 02:25:10', '2015-12-05 02:25:10'),
(400176, 'Philco Ice Machine 2', 9801, 5, 0.00, '', 'http://thumbs.buscape.com.br/maquina-de-gelo/philco-ice-machine-2_200x200-PU61b30_1.jpg', '2015-12-05 02:25:10', '2015-12-05 02:25:10'),
(400179, 'Dynasty Easy Kitchen Prata', 9801, 139, 0.00, '', 'http://thumbs.buscape.com.br/maquina-de-gelo/dynasty-easy-kitchen-prata_200x200-PU61b33_1.jpg', '2015-12-05 02:25:10', '2015-12-05 02:25:10'),
(400193, 'Sony BDP-S190 Blu-Ray', 9754, 4, 0.00, '', 'http://thumbs.buscape.com.br/blu-ray-player-hd-dvd-player/sony-bdp-s190-blu-ray_200x200-PU61b41_1.jpg', '2015-12-05 02:25:06', '2015-12-05 02:25:06'),
(400215, 'Bon Cheff Ice Way BC15', 9801, 140, 0.00, '', 'http://thumbs.buscape.com.br/maquina-de-gelo/bon-cheff-ice-way-bc15_200x200-PU61b57_1.jpg', '2015-12-05 02:25:10', '2015-12-05 02:25:10'),
(400219, 'Bon Cheff Ice Way BC12C', 9801, 140, 0.00, '', 'http://thumbs.buscape.com.br/maquina-de-gelo/bon-cheff-ice-way-bc12c_200x200-PU61b5b_1.jpg', '2015-12-05 02:25:10', '2015-12-05 02:25:10'),
(400231, 'Elettromec IM15', 9801, 141, 0.00, '', 'http://thumbs.buscape.com.br/maquina-de-gelo/elettromec-im15_200x200-PU61b67_1.jpg', '2015-12-05 02:25:10', '2015-12-05 02:25:10'),
(400238, 'Thermomatic Ice Maker', 9801, 142, 0.00, '', 'http://thumbs.buscape.com.br/maquina-de-gelo/thermomatic-ice-maker_200x200-PU61b6e_1.jpg', '2015-12-05 02:25:10', '2015-12-05 02:25:10'),
(401841, 'Logic LS 903', 8909, 124, 0.00, '', 'http://thumbs.buscape.com.br/panificadora-domestica/logic-ls-903_200x200-PU621b1_1.jpg', '2015-12-05 02:25:02', '2015-12-05 02:25:02'),
(402089, 'Epson Workforce DS-30', 2506, 39, 785.69, '', 'http://thumbs.buscape.com.br/scanner/epson-workforce-ds-30_200x200-PU622a9_1.jpg', '2015-12-05 02:24:35', '2015-12-05 02:24:35'),
(402094, 'Sony BDP-S490 Blu-Ray 3D', 9754, 4, 0.00, '', 'http://thumbs.buscape.com.br/blu-ray-player-hd-dvd-player/sony-bdp-s490-blu-ray-3d_200x200-PU622ae_1.jpg', '2015-12-05 02:25:06', '2015-12-05 02:25:06'),
(402096, 'Samsung BD-E5500 Blu-Ray 3D', 9754, 17, 279.90, '', 'http://thumbs.buscape.com.br/blu-ray-player-hd-dvd-player/samsung-bd-e5500-blu-ray-3d_200x200-PU622b0_1.jpg', '2015-12-05 02:25:05', '2015-12-05 02:25:05'),
(402431, 'Feasso TV Box Fa-Mini', 10936, 32, 0.00, '', 'http://thumbs.buscape.com.br/media-server/feasso-tv-box-fa-mini_200x200-PU623ff_1.jpg', '2015-12-05 02:25:18', '2015-12-05 02:25:18'),
(402561, 'LG BP420 Blu-Ray 3D', 9754, 3, 0.00, '', 'http://thumbs.buscape.com.br/blu-ray-player-hd-dvd-player/lg-bp420-blu-ray-3d_200x200-PU62481_1.jpg', '2015-12-05 02:25:06', '2015-12-05 02:25:06'),
(402839, 'Ventisol AC Cerâmica', 2800, 95, 115.41, '', 'http://thumbs.buscape.com.br/aquecedor-de-ambiente/ventisol-ac-ceramica_200x200-PU62597_1.jpg', '2015-12-05 02:24:36', '2015-12-05 02:24:36'),
(402893, 'Samsung BD-E5300 Blu-Ray', 9754, 17, 0.00, '', 'http://thumbs.buscape.com.br/blu-ray-player-hd-dvd-player/samsung-bd-e5300-blu-ray_200x200-PU625cd_1.jpg', '2015-12-05 02:25:06', '2015-12-05 02:25:06'),
(404370, 'Cadence ESP800', 123, 59, 62.46, '', 'http://thumbs.buscape.com.br/espremedor-de-frutas/cadence-esp800_200x200-PU62b92_1.jpg', '2015-12-05 02:24:19', '2015-12-05 02:24:19'),
(404987, 'Venax Arena Black 90 Litros Preto', 9544, 127, 1674.50, '', 'http://thumbs.buscape.com.br/forno-a-gas/venax-arena-black-90-litros-preto_200x200-PU62dfb_1.jpg', '2015-12-05 02:25:04', '2015-12-05 02:25:04'),
(404990, 'Venax Arena White 50 Litros Branco', 9544, 127, 1394.50, '', 'http://thumbs.buscape.com.br/forno-a-gas/venax-arena-white-50-litros-branco_200x200-PU62dfe_1.jpg', '2015-12-05 02:25:04', '2015-12-05 02:25:04'),
(406081, 'Tïtan IM-12', 9801, 143, 0.00, '', 'http://thumbs.buscape.com.br/maquina-de-gelo/titan-im-12_200x200-PU63241_1.jpg', '2015-12-05 02:25:10', '2015-12-05 02:25:10'),
(408518, 'Cuisinart ICE-30BC', 9800, 60, 0.00, '', 'http://thumbs.buscape.com.br/maquina-de-sorvete/cuisinart-ice-30bc_200x200-PU63bc6_1.jpg', '2015-12-05 02:25:10', '2015-12-05 02:25:10'),
(408548, 'Cadence Pane Mattino PAD531', 8909, 59, 361.67, '', 'http://thumbs.buscape.com.br/panificadora-domestica/cadence-pane-mattino-pad531_200x200-PU63be4_1.jpg', '2015-12-05 02:25:02', '2015-12-05 02:25:02'),
(413471, 'Arbel MCF-55 Bivolt V', 9799, 135, 0.00, '', 'http://thumbs.buscape.com.br/moedor-de-cafe/arbel-mcf-55-bivolt-v_200x200-PU64f1f_1.jpg', '2015-12-05 02:25:09', '2015-12-05 02:25:09'),
(413908, 'Nintendo 3DS XL 4 GB', 6058, 159, 1199.45, '', 'http://thumbs.buscape.com.br/console-de-videogame/nintendo-3ds-xl-4-gb_200x200-PU650d4_1.jpg', '2015-12-05 02:24:52', '2015-12-05 02:24:52'),
(417290, 'Venax Arena Cromo 50 Litros Inox', 9544, 127, 1467.00, '', '', '2015-12-05 02:25:04', '2015-12-05 02:25:04'),
(418084, 'Electrolux ACS08 8 Garrafas', 6507, 52, 711.32, '', 'http://thumbs.buscape.com.br/adega-climatizada/electrolux-acs08-8-garrafas_200x200-PU66124_1.jpg', '2015-12-05 02:24:58', '2015-12-05 02:24:58'),
(418657, 'Mueller Celebrare de Embutir', 145, 68, 667.90, '', 'http://thumbs.buscape.com.br/forno-eletrico/mueller-celebrare-de-embutir_200x200-PU66361_1.jpg', '2015-12-05 02:24:28', '2015-12-05 02:24:28'),
(420139, 'Brastemp BOA61 77 Litros Inox', 9544, 66, 1520.55, '', 'http://thumbs.buscape.com.br/forno-a-gas/brastemp-boa61-77-litros-inox_200x200-PU6692b_1.jpg', '2015-12-05 02:25:04', '2015-12-05 02:25:04'),
(420692, 'Cadence Ventilar Eros VTR304 3 Pás Mesa', 3662, 59, 92.71, '', 'http://thumbs.buscape.com.br/ventilador-circulador/cadence-ventilar-eros-vtr304-3-pas-mesa_200x200-PU66b54_1.jpg', '2015-12-05 02:24:45', '2015-12-05 02:24:45'),
(420997, 'Sony VPL-DX140', 37, 4, 2299.00, '', 'http://thumbs.buscape.com.br/projetor-multimidia/sony-vpl-dx140_200x200-PU66c85_1.jpg', '2015-12-05 02:24:10', '2015-12-05 02:24:10'),
(421961, 'Freeway FAH 1205 Halógeno', 2800, 96, 104.83, '', 'http://thumbs.buscape.com.br/aquecedor-de-ambiente/freeway-fah-1205-halogeno_200x200-PU67049_1.jpg', '2015-12-05 02:24:36', '2015-12-05 02:24:36'),
(422704, 'Singer Facilita Pro 4423', 154, 82, 848.65, '', 'http://thumbs.buscape.com.br/maquina-de-costura/singer-facilita-pro-4423_200x200-PU67330_1.jpg', '2015-12-05 02:24:32', '2015-12-05 02:24:32'),
(422887, 'Eterny ET18008', 9797, 131, 0.00, '', 'http://thumbs.buscape.com.br/pipoqueira/eterny-et18008_100x100-PU673e7_1.jpg', '2015-12-05 02:25:07', '2015-12-05 02:25:07'),
(423058, 'Back to Basics Choco&Latte CM300BR', 9796, 129, 0.00, '', 'http://thumbs.buscape.com.br/chocolateira/back-to-basics-choco-latte-cm300br_200x200-PU67492_1.jpg', '2015-12-05 02:25:06', '2015-12-05 02:25:06'),
(423082, 'Marchesoni CO1302', 9796, 128, 0.00, '', 'http://thumbs.buscape.com.br/chocolateira/marchesoni-co1302_200x200-PU674aa_1.jpg', '2015-12-05 02:25:06', '2015-12-05 02:25:06'),
(423464, 'Chuveiro Cardal Hiper Ducha Color', 3447, 101, 102.55, '', 'http://thumbs.buscape.com.br/chuveiro-ducha/chuveiro-cardal-hiper-ducha-color_200x200-PU67628_1.jpg', '2015-12-05 02:24:40', '2015-12-05 02:24:40'),
(424370, 'Electrolux Easyline TOE11', 151, 52, 123.33, '', 'http://thumbs.buscape.com.br/torradeira/electrolux-easyline-toe11_200x200-PU679b2_1.jpg', '2015-12-05 02:24:31', '2015-12-05 02:24:31'),
(427263, 'Panasonic PT-AE7000U', 37, 18, 11399.05, '', 'http://thumbs.buscape.com.br/projetor-multimidia/panasonic-pt-ae7000u_200x200-PU684ff_1.jpg', '2015-12-05 02:24:10', '2015-12-05 02:24:10'),
(429543, 'Singer Stylist 7258', 154, 82, 1236.31, '', 'http://thumbs.buscape.com.br/maquina-de-costura/singer-stylist-7258_200x200-PU68de7_1.jpg', '2015-12-05 02:24:32', '2015-12-05 02:24:32'),
(429678, 'Springer Carrier Wind SCAFRB', 8958, 103, 460.95, '', 'http://thumbs.buscape.com.br/climatizador/springer-carrier-wind-scafrb_200x200-PU68e6e_1.jpg', '2015-12-05 02:25:02', '2015-12-05 02:25:02'),
(429740, 'Polar NI3000', 9801, 113, 739.40, '', 'http://thumbs.buscape.com.br/maquina-de-gelo/polar-ni3000_200x200-PU68eac_1.jpg', '2015-12-05 02:25:10', '2015-12-05 02:25:10'),
(431540, 'Electrolux WD10E', 6477, 52, 405.93, '', 'http://thumbs.buscape.com.br/bebedouro/electrolux-wd10e_200x200-PU695b4_1.jpg', '2015-12-05 02:24:56', '2015-12-05 02:24:56'),
(432120, 'Wap Garra', 2423, 91, 516.33, '', 'http://thumbs.buscape.com.br/lavadora-de-alta-pressao/wap-garra_200x200-PU697f8_1.jpg', '2015-12-05 02:24:35', '2015-12-05 02:24:35'),
(433589, 'Tramontina 94522', 10110, 71, 0.00, '', '', '2015-12-05 02:25:14', '2015-12-05 02:25:14'),
(433765, 'PDP Afterglow AP Gamepad', 100, 161, 72.61, '', 'http://thumbs.buscape.com.br/joystick-controle/pdp-afterglow-ap-gamepad_200x200-PU69e65_1.jpg', '2015-12-05 02:24:13', '2015-12-05 02:24:13'),
(437739, 'Fischer Le Cheff 13471', 151, 65, 92.27, '', 'http://thumbs.buscape.com.br/torradeira/fischer-le-cheff-13471_200x200-PU6adeb_1.jpg', '2015-12-05 02:24:31', '2015-12-05 02:24:31'),
(437790, 'Amazon Kindle Paperwhite', 10104, 20, 439.00, '', 'http://thumbs.buscape.com.br/leitor-de-e-book/amazon-kindle-paperwhite_200x200-PU6ae1e_1.jpg', '2015-12-05 02:25:13', '2015-12-05 02:25:13'),
(439387, 'Espressione Titan 110V V', 9799, 136, 0.00, '', 'http://thumbs.buscape.com.br/moedor-de-cafe/espressione-titan-110v-v_200x200-PU6b45b_1.jpg', '2015-12-05 02:25:09', '2015-12-05 02:25:09'),
(439610, 'Dead Island Riptide Playstation 3 Blu-Ray', 6409, 165, 90.92, '', 'http://thumbs.buscape.com.br/jogos/dead-island-riptide-playstation-3-blu-ray_200x200-PU6b53a_1.jpg', '2015-12-05 02:24:53', '2015-12-05 02:24:53'),
(439937, 'Brastemp Ative! BWP11 Superior 11 kg Cinza', 3671, 66, 2447.30, '', 'http://thumbs.buscape.com.br/maquina-de-lavar-roupas/brastemp-ative-bwp11-superior-11-kg-cinza_200x200-PU6b681_1.jpg', '2015-12-05 02:24:48', '2015-12-05 02:24:48'),
(439962, 'Brastemp Ative! BWU11AB Superior 11 Kg Branco', 3671, 66, 1802.49, '', 'http://thumbs.buscape.com.br/maquina-de-lavar-roupas/brastemp-ative-bwu11ab-superior-11-kg-branco_200x200-PU6b69a_1.jpg', '2015-12-05 02:24:47', '2015-12-05 02:24:47'),
(440581, 'Philips Walita RI7200', 120, 2, 183.85, '', 'http://thumbs.buscape.com.br/batedeira/philips-walita-ri7200_200x200-PU6b905_1.jpg', '2015-12-05 02:24:18', '2015-12-05 02:24:18'),
(441244, 'Telefone Sem Fio Motorola Auri 2000 MRD2', 3772, 179, 227.91, '', 'http://thumbs.buscape.com.br/aparelho-de-telefone/sem-fio-motorola-auri-2000-mrd2_200x200-PU6bb9c_1.jpg', '2015-12-05 02:24:49', '2015-12-05 02:24:49'),
(441245, 'Telefone Sem Fio Motorola GATE 4000', 3772, 179, 121.95, '', 'http://thumbs.buscape.com.br/aparelho-de-telefone/sem-fio-motorola-gate-4000_200x200-PU6bb9d_1.jpg', '2015-12-05 02:24:49', '2015-12-05 02:24:49'),
(441247, 'Telefone Sem Fio Motorola Gate 4000 MRD2', 3772, 179, 236.40, '', 'http://thumbs.buscape.com.br/aparelho-de-telefone/sem-fio-motorola-gate-4000-mrd2_200x200-PU6bb9f_1.jpg', '2015-12-05 02:24:49', '2015-12-05 02:24:49'),
(441263, 'Telefone Sem Fio Motorola GATE 4500 SE', 3772, 179, 232.50, '', 'http://thumbs.buscape.com.br/aparelho-de-telefone/sem-fio-motorola-gate-4500-se_200x200-PU6bbaf_1.jpg', '2015-12-05 02:24:49', '2015-12-05 02:24:49'),
(442762, 'Philips Walita RI2103 1,5 Litros', 3669, 2, 114.86, '', 'http://thumbs.buscape.com.br/liquidificador/philips-walita-ri2103-1-5-litros_200x200-PU6c18a_1.jpg', '2015-12-05 02:24:45', '2015-12-05 02:24:45'),
(442894, 'Tectoy DVT-P3310', 5, 7, 323.10, '', 'http://thumbs.buscape.com.br/dvd-player/tectoy-dvt-p3310_200x200-PU6c20e_1.jpg', '2015-12-05 02:24:05', '2015-12-05 02:24:05'),
(444338, 'Refrigerador Electrolux DC35A 260 Litros Branco', 3673, 108, 1253.46, '', 'http://thumbs.buscape.com.br/geladeira-refrigerador/refrigerador-electrolux-dc35a-260-litros-branco_200x200-PU6c7b2_1.jpg', '2015-12-05 02:24:48', '2015-12-05 02:24:48'),
(444848, 'Refrigerador Electrolux DF35 261 Litros Branco', 3673, 108, 1467.22, '', 'http://thumbs.buscape.com.br/geladeira-refrigerador/refrigerador-electrolux-df35-261-litros-branco_200x200-PU6c9b0_1.jpg', '2015-12-05 02:24:48', '2015-12-05 02:24:48'),
(446333, 'Electrolux WD20C', 6477, 52, 565.12, '', 'http://thumbs.buscape.com.br/bebedouro/electrolux-wd20c_200x200-PU6cf7d_1.jpg', '2015-12-05 02:24:56', '2015-12-05 02:24:56'),
(446416, 'Iris IRIScan Express 3', 2506, 46, 430.00, '', 'http://thumbs.buscape.com.br/scanner/iris-iriscan-express-3_200x200-PU6cfd0_1.jpg', '2015-12-05 02:24:35', '2015-12-05 02:24:35');
INSERT INTO `products` (`id`, `name`, `subcategory_id`, `manufacturer_id`, `med_price`, `full_description`, `default_image`, `created_at`, `updated_at`) VALUES
(447802, 'Oster Primalatte 6601 Expresso', 121, 62, 637.96, '', 'http://thumbs.buscape.com.br/cafeteira/oster-primalatte-6601-expresso_200x200-PU6d53a_1.jpg', '2015-12-05 02:24:18', '2015-12-05 02:24:18'),
(449628, 'Mondial Air Fryer AF-01', 150, 8, 499.90, '', 'http://thumbs.buscape.com.br/fritadeira/mondial-air-fryer-af-01_200x200-PU6dc5c_1.jpg', '2015-12-05 02:24:30', '2015-12-05 02:24:30'),
(451063, 'Mondial AcquaHot Premium CE-01', 10039, 8, 87.94, '', 'http://thumbs.buscape.com.br/chaleira-eletrica/mondial-acquahot-premium-ce-01_200x200-PU6e1f7_1.jpg', '2015-12-05 02:25:12', '2015-12-05 02:25:12'),
(451878, 'Nespresso U Machine C50 Expresso', 121, 61, 380.45, '', 'http://thumbs.buscape.com.br/cafeteira/nespresso-u-machine-c50-expresso_200x200-PU6e526_1.jpg', '2015-12-05 02:24:18', '2015-12-05 02:24:18'),
(454432, 'Cromatto Ice Maker', 9801, 144, 0.00, '', 'http://thumbs.buscape.com.br/maquina-de-gelo/cromatto-ice-maker_200x200-PU6ef20_1.jpg', '2015-12-05 02:25:10', '2015-12-05 02:25:10'),
(454539, 'Cuisinart TOB-80 de Mesa', 145, 60, 390.60, '', 'http://thumbs.buscape.com.br/forno-eletrico/cuisinart-tob-80-de-mesa_200x200-PU6ef8b_1.jpg', '2015-12-05 02:24:28', '2015-12-05 02:24:28'),
(454897, 'BenMax Super Ice', 9801, 145, 4229.10, '', 'http://thumbs.buscape.com.br/maquina-de-gelo/benmax-super-ice_200x200-PU6f0f1_1.jpg', '2015-12-05 02:25:10', '2015-12-05 02:25:10'),
(455123, 'Cadence Gourmet ADE120 12 Garrafas', 6507, 59, 668.43, '', 'http://thumbs.buscape.com.br/adega-climatizada/cadence-gourmet-ade120-12-garrafas_200x200-PU6f1d3_1.jpg', '2015-12-05 02:24:58', '2015-12-05 02:24:58'),
(455735, 'Sony SMP-N200', 10936, 4, 0.00, '', 'http://thumbs.buscape.com.br/media-server/sony-smp-n200_200x200-PU6f437_1.jpg', '2015-12-05 02:25:18', '2015-12-05 02:25:18'),
(460572, 'Microsoft Xbox 360 Slim com Kinect 4 GB', 6058, 40, 769.41, '', 'http://thumbs.buscape.com.br/console-de-videogame/microsoft-xbox-360-slim-com-kinect-4-gb_200x200-PU7071c_1.jpg', '2015-12-05 02:24:52', '2015-12-05 02:24:52'),
(470671, 'Elgin Bella BL-1200', 154, 14, 302.00, '', 'http://thumbs.buscape.com.br/maquina-de-costura/elgin-bella-bl-1200_200x200-PU72e8f_1.jpg', '2015-12-05 02:24:31', '2015-12-05 02:24:31'),
(470781, 'Sony Playstation 3 Super Slim 500 GB', 6058, 4, 1249.90, '', 'http://thumbs.buscape.com.br/console-de-videogame/sony-playstation-3-super-slim-500-gb_200x200-PU72efd_1.jpg', '2015-12-05 02:24:52', '2015-12-05 02:24:52'),
(470900, 'Arix Gioia 90 cm Parede Aço Inox', 7594, 122, 2001.99, '', 'http://thumbs.buscape.com.br/coifa-exaustor/arix-gioia-90-cm-parede-aco-inox_200x200-PU72f74_1.jpg', '2015-12-05 02:25:01', '2015-12-05 02:25:01'),
(471609, 'Goodyear GY-HP-6140', 2423, 92, 528.67, '', 'http://thumbs.buscape.com.br/lavadora-de-alta-pressao/goodyear-gy-hp-6140_200x200-PU73239_1.jpg', '2015-12-05 02:24:34', '2015-12-05 02:24:34'),
(472182, 'Kenwood kMix', 10039, 147, 431.67, '', 'http://thumbs.buscape.com.br/chaleira-eletrica/kenwood-kmix_200x200-PU73476_1.jpg', '2015-12-05 02:25:13', '2015-12-05 02:25:13'),
(472678, 'Frigobar Philco PH85 70 Litros Branco', 6504, 114, 810.42, '', 'http://thumbs.buscape.com.br/frigobar/frigobar-philco-ph85-70-litros-branco_200x200-PU73666_1.jpg', '2015-12-05 02:24:57', '2015-12-05 02:24:57'),
(473557, 'Arno Brillium AX20', 132, 55, 330.90, '', 'http://thumbs.buscape.com.br/enceradeira/arno-brillium-ax20_200x200-PU739d5_1.jpg', '2015-12-05 02:24:24', '2015-12-05 02:24:24'),
(474460, 'Michelin MPX120B', 2423, 93, 416.34, '', 'http://thumbs.buscape.com.br/lavadora-de-alta-pressao/michelin-mpx120b_200x200-PU73d5c_1.jpg', '2015-12-05 02:24:34', '2015-12-05 02:24:34'),
(475767, 'Telefone Sem Fio Motorola Gate 4800', 3772, 179, 192.71, '', 'http://thumbs.buscape.com.br/aparelho-de-telefone/sem-fio-motorola-gate-4800_200x200-PU74277_1.jpg', '2015-12-05 02:24:49', '2015-12-05 02:24:49'),
(475777, 'LG Lava e seca Prime Touch WD-1412RT Frontal 10,2 Kg Branco', 3671, 3, 2968.95, '', 'http://thumbs.buscape.com.br/maquina-de-lavar-roupas/lg-lava-e-seca-prime-touch-wd-1412rt-frontal-10-2-kg-branco_200x200-PU74281_1.jpg', '2015-12-05 02:24:47', '2015-12-05 02:24:47'),
(477110, 'Fischer Le Cheff 14146', 151, 65, 92.15, '', 'http://thumbs.buscape.com.br/torradeira/fischer-le-cheff-14146_200x200-PU747b6_1.jpg', '2015-12-05 02:24:31', '2015-12-05 02:24:31'),
(477243, 'Fischer Le Cheff', 123, 65, 80.99, '', 'http://thumbs.buscape.com.br/espremedor-de-frutas/fischer-le-cheff_200x200-PU7483b_1.jpg', '2015-12-05 02:24:19', '2015-12-05 02:24:19'),
(478190, 'Suggar JR1702', 10039, 64, 115.05, '', 'http://thumbs.buscape.com.br/chaleira-eletrica/suggar-jr1702_200x200-PU74bee_1.jpg', '2015-12-05 02:25:13', '2015-12-05 02:25:13'),
(479373, 'ION Docs 2 Go', 2506, 47, 542.69, '', 'http://thumbs.buscape.com.br/scanner/ion-docs-2-go_200x200-PU7508d_1.jpg', '2015-12-05 02:24:35', '2015-12-05 02:24:35'),
(480131, 'Amazon Kindle', 10104, 20, 264.00, '', 'http://thumbs.buscape.com.br/leitor-de-e-book/amazon-kindle_200x200-PU75383_1.jpg', '2015-12-05 02:25:13', '2015-12-05 02:25:13'),
(481493, 'Metalfrio DA-550 Horizontal Branco', 131, 70, 2184.45, '', 'http://thumbs.buscape.com.br/freezer/metalfrio-da-550-horizontal-branco_200x200-PU758d5_1.jpg', '2015-12-05 02:24:24', '2015-12-05 02:24:24'),
(482322, 'Mueller Sapore de Mesa', 145, 68, 507.92, '', 'http://thumbs.buscape.com.br/forno-eletrico/mueller-sapore-de-mesa_200x200-PU75c12_1.jpg', '2015-12-05 02:24:28', '2015-12-05 02:24:28'),
(482658, 'Torradeira Kenwood Kmix', 151, 81, 442.55, '', 'http://thumbs.buscape.com.br/torradeira/torradeira-kenwood-kmix_200x200-PU75d62_1.jpg', '2015-12-05 02:24:31', '2015-12-05 02:24:31'),
(484574, 'Gradiente LinkBox LB100', 10936, 33, 0.00, '', 'http://thumbs.buscape.com.br/media-server/gradiente-linkbox-lb100_200x200-PU764de_1.jpg', '2015-12-05 02:25:18', '2015-12-05 02:25:18'),
(485078, 'Orbital Cadence BAT600', 120, 57, 423.00, '', 'http://thumbs.buscape.com.br/batedeira/orbital-cadence-bat600_200x200-PU766d6_1.jpg', '2015-12-05 02:24:17', '2015-12-05 02:24:17'),
(485402, 'Eterny ET18009', 9797, 131, 0.00, '', 'http://thumbs.buscape.com.br/pipoqueira/eterny-et18009_200x200-PU7681a_1.jpg', '2015-12-05 02:25:07', '2015-12-05 02:25:07'),
(485407, 'Eterny ET18007B', 9797, 131, 0.00, '', '', '2015-12-05 02:25:07', '2015-12-05 02:25:07'),
(486477, 'Consul CD060AE Cooktop 4 Bocas Preto', 138, 67, 470.01, '', 'http://thumbs.buscape.com.br/fogao/consul-cd060ae-cooktop-4-bocas-preto_200x200-PU76c4d_1.jpg', '2015-12-05 02:24:26', '2015-12-05 02:24:26'),
(486545, 'KÄRCHER K 4.490', 2423, 90, 802.07, '', 'http://thumbs.buscape.com.br/lavadora-de-alta-pressao/karcher-k-4-490_200x200-PU76c91_1.jpg', '2015-12-05 02:24:34', '2015-12-05 02:24:34'),
(487031, 'Mondial AP-10 600 W', 119, 8, 150.71, '', 'http://thumbs.buscape.com.br/aspirador-de-po-agua/mondial-ap-10-600-w_200x200-PU76e77_1.jpg', '2015-12-05 02:24:16', '2015-12-05 02:24:16'),
(487147, 'George Foreman GFEK701BK', 142, 76, 0.00, '', '', '2015-12-05 02:24:27', '2015-12-05 02:24:27'),
(489885, 'Motorola MD200MR 22 Canais 32 km', 3475, 179, 0.00, '', 'http://thumbs.buscape.com.br/walkie-talkie/motorola-md200mr-22-canais-32-km_200x200-PU7799d_1.jpg', '2015-12-05 02:24:41', '2015-12-05 02:24:41'),
(491441, 'Cadence SOR100', 9800, 59, 0.00, '', 'http://thumbs.buscape.com.br/maquina-de-sorvete/cadence-sor100_200x200-PU77fb1_1.jpg', '2015-12-05 02:25:09', '2015-12-05 02:25:09'),
(491665, 'Mallory Turbo Silence 30cm 6 Pás Mesa', 3662, 77, 116.93, '', 'http://thumbs.buscape.com.br/ventilador-circulador/mallory-turbo-silence-30cm-6-pas-mesa_200x200-PU78091_1.jpg', '2015-12-05 02:24:45', '2015-12-05 02:24:45'),
(492303, 'Brastemp BZB31AE 31 Garrafas', 6507, 66, 2558.51, '', 'http://thumbs.buscape.com.br/adega-climatizada/brastemp-bzb31ae-31-garrafas_200x200-PU7830f_1.jpg', '2015-12-05 02:24:58', '2015-12-05 02:24:58'),
(493025, 'Philco Steam Power', 2845, 5, 0.00, '', 'http://thumbs.buscape.com.br/higienizador-a-vapor/philco-steam-power_200x200-PU785e1_1.jpg', '2015-12-05 02:24:37', '2015-12-05 02:24:37'),
(493030, 'SteamMax SM-420', 2845, 100, 277.54, '', 'http://thumbs.buscape.com.br/higienizador-a-vapor/steammax-sm-420_200x200-PU785e6_1.jpg', '2015-12-05 02:24:37', '2015-12-05 02:24:37'),
(493034, 'SteamMax SM-411', 2845, 100, 314.90, '', 'http://thumbs.buscape.com.br/higienizador-a-vapor/steammax-sm-411_200x200-PU785ea_1.jpg', '2015-12-05 02:24:37', '2015-12-05 02:24:37'),
(493119, 'Electrolux GC75V Cooktop 5 Bocas Preto', 138, 52, 934.86, '', 'http://thumbs.buscape.com.br/fogao/electrolux-gc75v-cooktop-5-bocas-preto_200x200-PU7863f_1.jpg', '2015-12-05 02:24:26', '2015-12-05 02:24:26'),
(494090, 'Mondial HG-01', 2845, 8, 112.44, '', 'http://thumbs.buscape.com.br/higienizador-a-vapor/mondial-hg-01_200x200-PU78a0a_1.jpg', '2015-12-05 02:24:37', '2015-12-05 02:24:37'),
(494800, 'Cadence CLI600', 8958, 59, 464.80, '', 'http://thumbs.buscape.com.br/climatizador/cadence-cli600_200x200-PU78cd0_1.jpg', '2015-12-05 02:25:03', '2015-12-05 02:25:03'),
(495720, 'Cadence Citro Plus ESP802', 123, 59, 139.21, '', 'http://thumbs.buscape.com.br/espremedor-de-frutas/cadence-citro-plus-esp802_200x200-PU79068_1.jpg', '2015-12-05 02:24:19', '2015-12-05 02:24:19'),
(496112, 'Electrolux Chef PCC10 Pressão', 147, 52, 341.71, '', 'http://thumbs.buscape.com.br/panela-eletrica/electrolux-chef-pcc10-pressao_200x200-PU791f0_1.jpg', '2015-12-05 02:24:28', '2015-12-05 02:24:28'),
(496623, 'Electrolux Easyline BBR12 1,5 Litros', 3669, 52, 84.90, '', 'http://thumbs.buscape.com.br/liquidificador/electrolux-easyline-bbr12-1-5-litros_200x200-PU793ef_1.jpg', '2015-12-05 02:24:45', '2015-12-05 02:24:45'),
(498283, 'Philco Hepa Max 1680 1400 W', 119, 5, 213.53, '', 'http://thumbs.buscape.com.br/aspirador-de-po-agua/philco-hepa-max-1680-1400-w_200x200-PU79a6b_1.jpg', '2015-12-05 02:24:16', '2015-12-05 02:24:16'),
(500505, 'Cadence Light Fryer FRT500', 150, 59, 568.16, '', 'http://thumbs.buscape.com.br/fritadeira/cadence-light-fryer-frt500_200x200-PU7a319_1.jpg', '2015-12-05 02:24:30', '2015-12-05 02:24:30'),
(502162, 'Sony Playstation 4 500 GB', 6058, 4, 2869.95, '', 'http://thumbs.buscape.com.br/console-de-videogame/sony-playstation-4-500-gb_200x200-PU7a992_1.jpg', '2015-12-05 02:24:52', '2015-12-05 02:24:52'),
(502418, 'Consul Facilite CPB35AB', 9863, 67, 596.88, '', 'http://thumbs.buscape.com.br/purificador-de-agua/consul-facilite-cpb35ab_200x200-PU7aa92_1.jpg', '2015-12-05 02:25:11', '2015-12-05 02:25:11'),
(502947, 'Polar WP100', 9863, 113, 99.35, '', 'http://thumbs.buscape.com.br/purificador-de-agua/polar-wp100_200x200-PU7aca3_1.jpg', '2015-12-05 02:25:11', '2015-12-05 02:25:11'),
(503463, 'Mondial Pratic Cook PE-09 Pressão 4L', 147, 8, 203.41, '', 'http://thumbs.buscape.com.br/panela-eletrica/mondial-pratic-cook-pe-09-pressao-4l_200x200-PU7aea7_1.jpg', '2015-12-05 02:24:28', '2015-12-05 02:24:28'),
(504716, 'BenQ W1070', 37, 36, 4703.90, '', 'http://thumbs.buscape.com.br/projetor-multimidia/benq-w1070_200x200-PU7b38c_1.jpg', '2015-12-05 02:24:10', '2015-12-05 02:24:10'),
(507473, 'Cuisinart CCJ-500', 123, 60, 235.84, '', 'http://thumbs.buscape.com.br/espremedor-de-frutas/cuisinart-ccj-500_200x200-PU7be51_1.jpg', '2015-12-05 02:24:19', '2015-12-05 02:24:19'),
(507496, 'Consul CM020 Cinza', 126, 67, 366.43, '', 'http://thumbs.buscape.com.br/microondas/consul-cm020-cinza_200x200-PU7be68_1.jpg', '2015-12-05 02:24:20', '2015-12-05 02:24:20'),
(507804, 'Planetária Philips Walita RI7920', 120, 56, 526.64, '', 'http://thumbs.buscape.com.br/batedeira/planetaria-philips-walita-ri7920_200x200-PU7bf9c_1.jpg', '2015-12-05 02:24:18', '2015-12-05 02:24:18'),
(507941, 'Destiny Playstation 3 Blu-Ray', 6409, 167, 135.90, '', 'http://thumbs.buscape.com.br/jogos/destiny-playstation-3-blu-ray_200x200-PU7c025_1.jpg', '2015-12-05 02:24:53', '2015-12-05 02:24:53'),
(508021, 'Cuisinart EM-200 Expresso', 121, 60, 1630.70, '', 'http://thumbs.buscape.com.br/cafeteira/cuisinart-em-200-expresso_200x200-PU7c075_1.jpg', '2015-12-05 02:24:19', '2015-12-05 02:24:19'),
(508276, 'Tectoy Monster High DVT-P3800', 5, 7, 345.77, '', 'http://thumbs.buscape.com.br/dvd-player/tectoy-monster-high-dvt-p3800_200x200-PU7c174_1.jpg', '2015-12-05 02:24:05', '2015-12-05 02:24:05'),
(508883, 'Brastemp BMA30AF Cinza', 126, 66, 500.50, '', 'http://thumbs.buscape.com.br/microondas/brastemp-bma30af-cinza_200x200-PU7c3d3_1.jpg', '2015-12-05 02:24:20', '2015-12-05 02:24:20'),
(509387, 'Brastemp BLF12AE De Piso', 129, 66, 2683.01, '', 'http://thumbs.buscape.com.br/lava-loucas/brastemp-blf12ae-de-piso_200x200-PU7c5cb_1.jpg', '2015-12-05 02:24:23', '2015-12-05 02:24:23'),
(509812, 'Cuisinart CMG-20 Recarregável', 10115, 60, 359.10, '', 'http://thumbs.buscape.com.br/ralador-eletrico/cuisinart-cmg-20-recarregavel_200x200-PU7c774_1.jpg', '2015-12-05 02:25:15', '2015-12-05 02:25:15'),
(509885, 'Frigobar Midea MRA06B 45 Litros Branco', 6504, 114, 654.50, '', 'http://thumbs.buscape.com.br/frigobar/frigobar-midea-mra06b-45-litros-branco_200x200-PU7c7bd_1.jpg', '2015-12-05 02:24:57', '2015-12-05 02:24:57'),
(510109, 'Samsung Lava e seca Seine WD106UHSAWQ Frontal 10,1 Kg Branco', 3671, 17, 2378.51, '', 'http://thumbs.buscape.com.br/maquina-de-lavar-roupas/samsung-lava-e-seca-seine-wd106uhsawq-frontal-10-1-kg-branco_200x200-PU7c89d_1.jpg', '2015-12-05 02:24:47', '2015-12-05 02:24:47'),
(510243, 'Samsung Lava e seca Seine WD856UHSAWQ Frontal 8,5 Kg Branco', 3671, 17, 1958.55, '', 'http://thumbs.buscape.com.br/maquina-de-lavar-roupas/samsung-lava-e-seca-seine-wd856uhsawq-frontal-8-5-kg-branco_200x200-PU7c923_1.jpg', '2015-12-05 02:24:47', '2015-12-05 02:24:47'),
(511521, 'Nespresso Maestria C500 Expresso', 121, 61, 1198.20, '', 'http://thumbs.buscape.com.br/cafeteira/nespresso-maestria-c500-expresso_200x200-PU7ce21_1.jpg', '2015-12-05 02:24:19', '2015-12-05 02:24:19'),
(511800, 'Arbel CLD-300', 10113, 135, 0.00, '', '', '2015-12-05 02:25:15', '2015-12-05 02:25:15'),
(512576, 'Oster FPSTJU4176', 123, 62, 111.50, '', 'http://thumbs.buscape.com.br/espremedor-de-frutas/oster-fpstju4176_200x200-PU7d240_1.jpg', '2015-12-05 02:24:19', '2015-12-05 02:24:19'),
(512826, 'Multilaser FaceLook WC046', 103, 31, 38.24, '', 'http://thumbs.buscape.com.br/webcam/multilaser-facelook-wc046_200x200-PU7d33a_1.jpg', '2015-12-05 02:24:14', '2015-12-05 02:24:14'),
(514001, 'Mondial Air Fryer Digital AF-02', 150, 8, 561.86, '', 'http://thumbs.buscape.com.br/fritadeira/mondial-air-fryer-digital-af-02_200x200-PU7d7d1_1.jpg', '2015-12-05 02:24:30', '2015-12-05 02:24:30'),
(514918, 'Cadence Blaze Air AQC41 Elétrico', 2800, 59, 77.79, '', 'http://thumbs.buscape.com.br/aquecedor-de-ambiente/cadence-blaze-air-aqc41-eletrico_200x200-PU7db66_1.jpg', '2015-12-05 02:24:36', '2015-12-05 02:24:36'),
(515287, 'Frigobar Brastemp Retrô BRA08AE 76 Litros Preto', 6504, 114, 1013.86, '', 'http://thumbs.buscape.com.br/frigobar/frigobar-brastemp-retro-bra08ae-76-litros-preto_200x200-PU7dcd7_1.jpg', '2015-12-05 02:24:57', '2015-12-05 02:24:57'),
(515305, 'Refrigerador Electrolux DF52 459 Litros Branco', 3673, 108, 2769.11, '', 'http://thumbs.buscape.com.br/geladeira-refrigerador/refrigerador-electrolux-df52-459-litros-branco_200x200-PU7dce9_1.jpg', '2015-12-05 02:24:49', '2015-12-05 02:24:49'),
(515369, 'Cadence Comodità AQC300 Halógeno', 2800, 59, 108.88, '', 'http://thumbs.buscape.com.br/aquecedor-de-ambiente/cadence-comodita-aqc300-halogeno_200x200-PU7dd29_1.jpg', '2015-12-05 02:24:36', '2015-12-05 02:24:36'),
(515400, 'Samsung BD-F5500 Blu-Ray 3D', 9754, 17, 369.55, '', 'http://thumbs.buscape.com.br/blu-ray-player-hd-dvd-player/samsung-bd-f5500-blu-ray-3d_200x200-PU7dd48_1.jpg', '2015-12-05 02:25:05', '2015-12-05 02:25:05'),
(515723, 'LG Lava e seca Prime Touch WD-1485AT Frontal 8,5 Kg Branco', 3671, 3, 2692.01, '', 'http://thumbs.buscape.com.br/maquina-de-lavar-roupas/lg-lava-e-seca-prime-touch-wd-1485at-frontal-8-5-kg-branco_200x200-PU7de8b_1.jpg', '2015-12-05 02:24:47', '2015-12-05 02:24:47'),
(515878, 'Philco Air Fry Saúde', 150, 5, 403.90, '', 'http://thumbs.buscape.com.br/fritadeira/philco-air-fry-saude_200x200-PU7df26_1.jpg', '2015-12-05 02:24:30', '2015-12-05 02:24:30'),
(516048, 'Refrigerador Electrolux DC44 362 Litros Branco', 3673, 108, 1545.39, '', 'http://thumbs.buscape.com.br/geladeira-refrigerador/refrigerador-electrolux-dc44-362-litros-branco_200x200-PU7dfd0_1.jpg', '2015-12-05 02:24:48', '2015-12-05 02:24:48'),
(516543, 'Philco AMD Quad-Core A8-Series A8-3800 2.4 GHz 4096 MB 500 GB', 22, 5, 979.02, '', 'http://thumbs.buscape.com.br/pc/philco-amd-quad-core-a8-series-a8-3800-2-4-ghz-4096-mb-500-gb_200x200-PU7e1bf_1.jpg', '2015-12-05 02:24:07', '2015-12-05 02:24:07'),
(517395, 'Mondial A-06 Óleo', 2800, 8, 223.66, '', 'http://thumbs.buscape.com.br/aquecedor-de-ambiente/mondial-a-06-oleo_200x200-PU7e513_1.jpg', '2015-12-05 02:24:36', '2015-12-05 02:24:36'),
(518168, 'HP ScanJet 300', 2506, 10, 0.00, '', 'http://thumbs.buscape.com.br/scanner/hp-scanjet-300_200x200-PU7e818_1.jpg', '2015-12-05 02:24:36', '2015-12-05 02:24:36'),
(518474, 'Mondial A-07 Halógeno', 2800, 8, 116.96, '', 'http://thumbs.buscape.com.br/aquecedor-de-ambiente/mondial-a-07-halogeno_200x200-PU7e94a_1.jpg', '2015-12-05 02:24:36', '2015-12-05 02:24:36'),
(518536, 'HP ScanJet 200', 2506, 10, 0.00, '', 'http://thumbs.buscape.com.br/scanner/hp-scanjet-200_200x200-PU7e988_1.jpg', '2015-12-05 02:24:35', '2015-12-05 02:24:35'),
(518681, 'Cadence Petit Coser CST300', 154, 59, 265.00, '', 'http://thumbs.buscape.com.br/maquina-de-costura/cadence-petit-coser-cst300_200x200-PU7ea19_1.jpg', '2015-12-05 02:24:31', '2015-12-05 02:24:31'),
(518902, 'Latina SR555 10 Kg', 127, 69, 343.44, '', 'http://thumbs.buscape.com.br/secadora-de-roupas/latina-sr555-10-kg_200x200-PU7eaf6_1.jpg', '2015-12-05 02:24:22', '2015-12-05 02:24:22'),
(519258, 'BenQ MX822ST', 37, 36, 4939.05, '', 'http://thumbs.buscape.com.br/projetor-multimidia/benq-mx822st_200x200-PU7ec5a_1.jpg', '2015-12-05 02:24:10', '2015-12-05 02:24:10'),
(519669, 'Cadence Supreme CEL500', 10039, 59, 174.53, '', 'http://thumbs.buscape.com.br/chaleira-eletrica/cadence-supreme-cel500_200x200-PU7edf5_1.jpg', '2015-12-05 02:25:13', '2015-12-05 02:25:13'),
(519911, 'LG BP126', 9754, 3, 255.90, '', 'http://thumbs.buscape.com.br/blu-ray-player-hd-dvd-player/lg-bp126_200x200-PU7eee7_1.jpg', '2015-12-05 02:25:05', '2015-12-05 02:25:05'),
(520014, 'Epson Workforce Pro GT-S55 1', 2506, 39, 2924.49, '', 'http://thumbs.buscape.com.br/scanner/epson-workforce-pro-gt-s55-1_200x200-PU7ef4e_1.jpg', '2015-12-05 02:24:35', '2015-12-05 02:24:35'),
(520199, 'Impressora HP OfficeJet 7110 Jato de Tinta', 3606, 10, 839.00, '', 'http://thumbs.buscape.com.br/impressora/impressora-hp-officejet-7110-jato-de-tinta_200x200-PU7f007_1.jpg', '2015-12-05 02:24:43', '2015-12-05 02:24:43'),
(520487, 'Cadence Tranquilitá AQC800 Elétrico', 2800, 59, 540.48, '', 'http://thumbs.buscape.com.br/aquecedor-de-ambiente/cadence-tranquilita-aqc800-eletrico_200x200-PU7f127_1.jpg', '2015-12-05 02:24:36', '2015-12-05 02:24:36'),
(520503, 'Mondial Vitamaxis L-43 2,1 Litros', 3669, 8, 83.02, '', 'http://thumbs.buscape.com.br/liquidificador/mondial-vitamaxis-l-43-2-1-litros_200x200-PU7f137_1.jpg', '2015-12-05 02:24:45', '2015-12-05 02:24:45'),
(521076, 'Microsoft Xbox One com Kinect 500 GB', 6058, 40, 2402.09, '', 'http://thumbs.buscape.com.br/console-de-videogame/microsoft-xbox-one-com-kinect-500-gb_200x200-PU7f374_1.jpg', '2015-12-05 02:24:52', '2015-12-05 02:24:52'),
(521126, 'Microsoft Xbox One Gamepad', 100, 40, 258.90, '', 'http://thumbs.buscape.com.br/joystick-controle/microsoft-xbox-one-gamepad_200x200-PU7f3a6_1.jpg', '2015-12-05 02:24:14', '2015-12-05 02:24:14'),
(522144, 'Electrolux LSI09 Frontal 9 Kg Branco', 3671, 52, 2843.50, '', 'http://thumbs.buscape.com.br/maquina-de-lavar-roupas/electrolux-lsi09-frontal-9-kg-branco_200x200-PU7f7a0_1.jpg', '2015-12-05 02:24:48', '2015-12-05 02:24:48'),
(522174, 'Masterfrio New Fresh Eletronic', 6477, 111, 278.36, '', 'http://thumbs.buscape.com.br/bebedouro/masterfrio-new-fresh-eletronic_200x200-PU7f7be_1.jpg', '2015-12-05 02:24:56', '2015-12-05 02:24:56'),
(522333, 'PDP Rock Candy PS3 Gamepad', 100, 161, 58.06, '', 'http://thumbs.buscape.com.br/joystick-controle/pdp-rock-candy-ps3-gamepad_200x200-PU7f85d_1.jpg', '2015-12-05 02:24:13', '2015-12-05 02:24:13'),
(522443, 'Lenoxx Sound DK-452', 5, 6, 142.49, '', 'http://thumbs.buscape.com.br/dvd-player/lenoxx-sound-dk-452_200x200-PU7f8cb_1.jpg', '2015-12-05 02:24:05', '2015-12-05 02:24:05'),
(522786, 'Philips Walita RI2160 2 Litros', 3669, 2, 151.57, '', 'http://thumbs.buscape.com.br/liquidificador/philips-walita-ri2160-2-litros_200x200-PU7fa22_1.jpg', '2015-12-05 02:24:46', '2015-12-05 02:24:46'),
(523568, 'Electrolux Blue Touch 90CIT 90 cm Ilha Aço Inox', 7594, 52, 3364.51, '', 'http://thumbs.buscape.com.br/coifa-exaustor/electrolux-blue-touch-90cit-90-cm-ilha-aco-inox_200x200-PU7fd30_1.jpg', '2015-12-05 02:25:01', '2015-12-05 02:25:01'),
(524802, 'Electrolux H220 Horizontal Branco', 131, 52, 1612.87, '', 'http://thumbs.buscape.com.br/freezer/electrolux-h220-horizontal-branco_200x200-PU80202_1.jpg', '2015-12-05 02:24:23', '2015-12-05 02:24:23'),
(524983, 'LG 20EN33SS LED 19.5 polegadas', 36, 3, 341.05, '', 'http://thumbs.buscape.com.br/monitor/lg-20en33ss-led-19-5-polegadas_200x200-PU802b7_1.jpg', '2015-12-05 02:24:09', '2015-12-05 02:24:09'),
(525322, 'Sony Dualshock 4 Gamepad', 100, 4, 269.91, '', 'http://thumbs.buscape.com.br/joystick-controle/sony-dualshock-4-gamepad_200x200-PU8040a_1.jpg', '2015-12-05 02:24:14', '2015-12-05 02:24:14'),
(525452, 'Philips Walita RI2083 2 Litros', 3669, 2, 230.23, '', 'http://thumbs.buscape.com.br/liquidificador/philips-walita-ri2083-2-litros_200x200-PU8048c_1.jpg', '2015-12-05 02:24:46', '2015-12-05 02:24:46'),
(526353, 'Nintendo Wii U Deluxe 32 GB', 6058, 159, 1519.90, '', 'http://thumbs.buscape.com.br/console-de-videogame/nintendo-wii-u-deluxe-32-gb_200x200-PU80811_1.jpg', '2015-12-05 02:24:52', '2015-12-05 02:24:52'),
(526777, 'Mueller Soleil 8 Kg', 127, 68, 467.80, '', 'http://thumbs.buscape.com.br/secadora-de-roupas/mueller-soleil-8-kg_200x200-PU809b9_1.jpg', '2015-12-05 02:24:22', '2015-12-05 02:24:22'),
(526955, 'AOC E2070SWNL LED 19.5 polegadas', 36, 19, 308.05, '', 'http://thumbs.buscape.com.br/monitor/aoc-e2070swnl-led-19-5-polegadas_200x200-PU80a6b_1.jpg', '2015-12-05 02:24:09', '2015-12-05 02:24:09'),
(527124, 'Mondial D-07', 5, 8, 124.00, '', 'http://thumbs.buscape.com.br/dvd-player/mondial-d-07_200x200-PU80b14_1.jpg', '2015-12-05 02:24:05', '2015-12-05 02:24:05'),
(528436, 'Positivo Union TV C1260 Intel Celeron 847 1.1 GHz 4096 MB 500 GB', 22, 22, 1599.00, '', 'http://thumbs.buscape.com.br/pc/positivo-union-tv-c1260-intel-celeron-847-1-1-ghz-4096-mb-500-gb_200x200-PU81034_1.jpg', '2015-12-05 02:24:07', '2015-12-05 02:24:07'),
(529161, 'AOC E970SWNL LED 18.5 polegadas', 36, 19, 341.05, '', 'http://thumbs.buscape.com.br/monitor/aoc-e970swnl-led-18-5-polegadas_200x200-PU81309_1.jpg', '2015-12-05 02:24:09', '2015-12-05 02:24:09'),
(531967, 'Mallory Wellness Fry', 150, 77, 361.40, '', 'http://thumbs.buscape.com.br/fritadeira/mallory-wellness-fry_200x200-PU81dff_1.jpg', '2015-12-05 02:24:30', '2015-12-05 02:24:30'),
(533160, 'Electrolux Turbo Economia LTD09 Superior 8 Kg Branco', 3671, 52, 841.61, '', 'http://thumbs.buscape.com.br/maquina-de-lavar-roupas/electrolux-turbo-economia-ltd09-superior-8-kg-branco_200x200-PU822a8_1.jpg', '2015-12-05 02:24:47', '2015-12-05 02:24:47'),
(533166, 'Electrolux Turbo Economia LTD11 Superior 10 Kg Branco', 3671, 52, 1060.53, '', 'http://thumbs.buscape.com.br/maquina-de-lavar-roupas/electrolux-turbo-economia-ltd11-superior-10-kg-branco_200x200-PU822ae_1.jpg', '2015-12-05 02:24:47', '2015-12-05 02:24:47'),
(533240, 'Electrolux Turbo Economia LTD06 Superior 6 Kg Branco', 3671, 52, 762.30, '', 'http://thumbs.buscape.com.br/maquina-de-lavar-roupas/electrolux-turbo-economia-ltd06-superior-6-kg-branco_200x200-PU822f8_1.jpg', '2015-12-05 02:24:48', '2015-12-05 02:24:48'),
(533668, 'AOC E2270SWN LED 21.5 polegadas', 36, 19, 575.90, '', 'http://thumbs.buscape.com.br/monitor/aoc-e2270swn-led-21-5-polegadas_200x200-PU824a4_1.jpg', '2015-12-05 02:24:09', '2015-12-05 02:24:09'),
(533864, 'AOC E1670SW LED 15.6 polegadas', 36, 19, 299.00, '', 'http://thumbs.buscape.com.br/monitor/aoc-e1670sw-led-15-6-polegadas_200x200-PU82568_1.jpg', '2015-12-05 02:24:09', '2015-12-05 02:24:09'),
(534464, 'Frigobar Cadence Gourmet FGB500 50 Litros Aço Escovado', 6504, 114, 724.45, '', 'http://thumbs.buscape.com.br/frigobar/frigobar-cadence-gourmet-fgb500-50-litros-aco-escovado_200x200-PU827c0_1.jpg', '2015-12-05 02:24:57', '2015-12-05 02:24:57'),
(534483, 'Electrolux Ponto Certo MEP41 Branco', 126, 52, 511.79, '', 'http://thumbs.buscape.com.br/microondas/electrolux-ponto-certo-mep41-branco_200x200-PU827d3_1.jpg', '2015-12-05 02:24:20', '2015-12-05 02:24:20'),
(534551, 'Need for Speed Rivals Xbox One Blu-Ray', 6409, 176, 132.87, '', 'http://thumbs.buscape.com.br/jogos/need-for-speed-rivals-xbox-one-blu-ray_200x200-PU82817_1.jpg', '2015-12-05 02:24:53', '2015-12-05 02:24:53'),
(534857, 'Ducha Lorenzetti Duo Shower Multitemperaturas', 3447, 102, 213.90, '', 'http://thumbs.buscape.com.br/chuveiro-ducha/ducha-lorenzetti-duo-shower-multitemperaturas_200x200-PU82949_1.jpg', '2015-12-05 02:24:40', '2015-12-05 02:24:40'),
(535656, 'Electrolux LIT11 1400 W', 119, 52, 298.48, '', 'http://thumbs.buscape.com.br/aspirador-de-po-agua/electrolux-lit11-1400-w_200x200-PU82c68_1.jpg', '2015-12-05 02:24:16', '2015-12-05 02:24:16'),
(537329, 'Digibraz II TSN440', 2506, 48, 339.39, '', 'http://thumbs.buscape.com.br/scanner/digibraz-ii-tsn440_200x200-PU832f1_1.jpg', '2015-12-05 02:24:35', '2015-12-05 02:24:35'),
(540073, 'Samsung S19C300F LCD 18.5 Polegadas', 36, 17, 359.00, '', 'http://thumbs.buscape.com.br/monitor/samsung-s19c300f-lcd-18-5-polegadas_200x200-PU83da9_1.jpg', '2015-12-05 02:24:09', '2015-12-05 02:24:09'),
(542205, 'Philips DVP2850X', 5, 2, 112.90, '', 'http://thumbs.buscape.com.br/dvd-player/philips-dvp2850x_200x200-PU845fd_1.jpg', '2015-12-05 02:24:05', '2015-12-05 02:24:05'),
(542290, 'Lorenzetti LZ 1600D Gás GLP 15 Litros', 7578, 117, 911.30, '', 'http://thumbs.buscape.com.br/aquecedor-de-agua/lorenzetti-lz-1600d-gas-glp-15-litros_200x200-PU84652_1.jpg', '2015-12-05 02:25:00', '2015-12-05 02:25:00'),
(542296, 'Lorenzetti LZ 1600N Gás GLP 15 Litros', 7578, 117, 754.50, '', 'http://thumbs.buscape.com.br/aquecedor-de-agua/lorenzetti-lz-1600n-gas-glp-15-litros_200x200-PU84658_1.jpg', '2015-12-05 02:25:00', '2015-12-05 02:25:00'),
(542298, 'Lorenzetti LZ 1600D Gás Natural 15 Litros', 7578, 117, 1043.94, '', 'http://thumbs.buscape.com.br/aquecedor-de-agua/lorenzetti-lz-1600d-gas-natural-15-litros_200x200-PU8465a_1.jpg', '2015-12-05 02:25:00', '2015-12-05 02:25:00'),
(542463, 'Mondial Comfort Green F20', 3852, 8, 54.55, '', 'http://thumbs.buscape.com.br/ferro-de-passar-roupas/mondial-comfort-green-f20_200x200-PU846ff_1.jpg', '2015-12-05 02:24:50', '2015-12-05 02:24:50'),
(542476, 'Telefone Sem Fio Philips M5501', 3772, 2, 285.99, '', 'http://thumbs.buscape.com.br/aparelho-de-telefone/sem-fio-philips-m5501_200x200-PU8470c_1.jpg', '2015-12-05 02:24:49', '2015-12-05 02:24:49'),
(543093, 'Mondial Air Fryer AF-03', 150, 8, 363.15, '', 'http://thumbs.buscape.com.br/fritadeira/mondial-air-fryer-af-03_200x200-PU84975_1.jpg', '2015-12-05 02:24:30', '2015-12-05 02:24:30'),
(543350, 'LG BE320', 37, 3, 1969.00, '', 'http://thumbs.buscape.com.br/projetor-multimidia/lg-be320_200x200-PU84a76_1.jpg', '2015-12-05 02:24:10', '2015-12-05 02:24:10'),
(543825, 'Multifuncional HP Deskjet Ink Advantage 1516 Jato de Tinta', 3606, 50, 247.45, '', 'http://thumbs.buscape.com.br/impressora/multifuncional-hp-deskjet-ink-advantage-1516-jato-de-tinta_200x200-PU84c51_1.jpg', '2015-12-05 02:24:43', '2015-12-05 02:24:43'),
(543866, 'Chuveiro Lorenzetti Duo Shower Eletrônica Plus', 3447, 101, 175.60, '', 'http://thumbs.buscape.com.br/chuveiro-ducha/chuveiro-lorenzetti-duo-shower-eletronica-plus_200x200-PU84c7a_1.jpg', '2015-12-05 02:24:40', '2015-12-05 02:24:40'),
(544127, 'Philips 242G5DJEB LCD 24.0 Polegadas', 36, 2, 1541.95, '', 'http://thumbs.buscape.com.br/monitor/philips-242g5djeb-lcd-24-0-polegadas_200x200-PU84d7f_1.jpg', '2015-12-05 02:24:09', '2015-12-05 02:24:09'),
(545253, 'Arno Compact Valet', 9798, 55, 525.83, '', 'http://thumbs.buscape.com.br/passadeira-a-vapor/arno-compact-valet_200x200-PU851e5_1.jpg', '2015-12-05 02:25:07', '2015-12-05 02:25:07'),
(545435, 'Multifuncional HP Deskjet Ink Advantage 3546 Jato de Tinta', 3606, 50, 375.22, '', 'http://thumbs.buscape.com.br/impressora/multifuncional-hp-deskjet-ink-advantage-3546-jato-de-tinta_200x200-PU8529b_1.jpg', '2015-12-05 02:24:43', '2015-12-05 02:24:43'),
(545535, 'Cuisinart DCG-20 220V V', 9799, 60, 153.05, '', 'http://thumbs.buscape.com.br/moedor-de-cafe/cuisinart-dcg-20-220v-v_200x200-PU852ff_1.jpg', '2015-12-05 02:25:08', '2015-12-05 02:25:08'),
(545745, 'Multifuncional HP Deskjet Ink Advantage 2546 Jato de Tinta', 3606, 50, 259.95, '', 'http://thumbs.buscape.com.br/impressora/multifuncional-hp-deskjet-ink-advantage-2546-jato-de-tinta_200x200-PU853d1_1.jpg', '2015-12-05 02:24:43', '2015-12-05 02:24:43'),
(546935, 'BRTC FC-113 Financeira', 11, 15, 66.65, '', 'http://thumbs.buscape.com.br/calculadora/brtc-fc-113-financeira_200x200-PU85877_1.jpg', '2015-12-05 02:24:06', '2015-12-05 02:24:06'),
(547051, 'Philco Eletronic', 8909, 5, 403.08, '', 'http://thumbs.buscape.com.br/panificadora-domestica/philco-eletronic_200x200-PU858eb_1.jpg', '2015-12-05 02:25:02', '2015-12-05 02:25:02'),
(547943, 'Cadence Simmy CEL310', 10039, 59, 74.64, '', 'http://thumbs.buscape.com.br/chaleira-eletrica/cadence-simmy-cel310_200x200-PU85c67_1.jpg', '2015-12-05 02:25:13', '2015-12-05 02:25:13'),
(548238, 'Tectoy Monster High - DVT-C180', 5, 7, 119.00, '', 'http://thumbs.buscape.com.br/dvd-player/tectoy-monster-high-dvt-c180_200x200-PU85d8e_1.jpg', '2015-12-05 02:24:05', '2015-12-05 02:24:05'),
(548353, 'Mondial Pratic Rice 16 PE-14 Arroz', 147, 8, 133.20, '', 'http://thumbs.buscape.com.br/panela-eletrica/mondial-pratic-rice-16-pe-14-arroz_200x200-PU85e01_1.jpg', '2015-12-05 02:24:28', '2015-12-05 02:24:28'),
(549726, 'KÄRCHER K 2.195', 2423, 90, 329.92, '', 'http://thumbs.buscape.com.br/lavadora-de-alta-pressao/karcher-k-2-195_200x200-PU8635e_1.jpg', '2015-12-05 02:24:34', '2015-12-05 02:24:34'),
(550265, 'Fun Kitchen WTF-97B 110V', 10115, 72, 0.00, '', 'http://thumbs.buscape.com.br/ralador-eletrico/fun-kitchen-wtf-97b-110v_200x200-PU86579_1.jpg', '2015-12-05 02:25:15', '2015-12-05 02:25:15'),
(550276, 'Fun Kitchen WTF-97B 220V', 10115, 72, 0.00, '', 'http://thumbs.buscape.com.br/ralador-eletrico/fun-kitchen-wtf-97b-220v_200x200-PU86584_1.jpg', '2015-12-05 02:25:15', '2015-12-05 02:25:15'),
(552690, 'Refrigerador Consul Bem Estar CRM51AB 405 Litros Branco', 3673, 108, 2051.51, '', 'http://thumbs.buscape.com.br/geladeira-refrigerador/refrigerador-consul-bem-estar-crm51ab-405-litros-branco_200x200-PU86ef2_1.jpg', '2015-12-05 02:24:49', '2015-12-05 02:24:49'),
(553911, 'Epson Powerlite X24+', 37, 39, 3275.09, '', 'http://thumbs.buscape.com.br/projetor-multimidia/epson-powerlite-x24_200x200-PU873b7_1.jpg', '2015-12-05 02:24:10', '2015-12-05 02:24:10'),
(554234, 'LG Smile TS-H2425NW1 Split High Wall 24000 BTUs Quente/Frio', 3661, 3, 2619.30, '', 'http://thumbs.buscape.com.br/ar-condicionado/lg-smile-ts-h2425nw1-split-high-wall-24000-btus-quente-frio_200x200-PU874fa_1.jpg', '2015-12-05 02:24:44', '2015-12-05 02:24:44'),
(554557, 'Ghidini Acea', 10112, 153, 0.00, '', 'http://thumbs.buscape.com.br/moedor-de-carne/ghidini-acea_200x200-PU8763d_1.jpg', '2015-12-05 02:25:15', '2015-12-05 02:25:15'),
(554559, 'Bermar BM23', 10112, 154, 0.00, '', 'http://thumbs.buscape.com.br/moedor-de-carne/bermar-bm23_200x200-PU8763f_1.jpg', '2015-12-05 02:25:15', '2015-12-05 02:25:15'),
(555053, 'Olimpia Splendid Nano Portátil 10000 BTUs Frio', 3661, 104, 1729.91, '', 'http://thumbs.buscape.com.br/ar-condicionado/olimpia-splendid-nano-portatil-10000-btus-frio_200x200-PU8782d_1.jpg', '2015-12-05 02:24:44', '2015-12-05 02:24:44'),
(555182, 'Promac MD 64 220V V', 9799, 137, 0.00, '', 'http://thumbs.buscape.com.br/moedor-de-cafe/promac-md-64-220v-v_200x200-PU878ae_1.jpg', '2015-12-05 02:25:09', '2015-12-05 02:25:09'),
(555533, 'Grill Cadence Panini Premier GRL610', 157, 84, 102.30, '', 'http://thumbs.buscape.com.br/grill-eletrico-sanduicheira/grill-cadence-panini-premier-grl610_200x200-PU87a0d_1.jpg', '2015-12-05 02:24:32', '2015-12-05 02:24:32'),
(555693, 'Telefone Sem Fio Intelbrás TS 8220', 3772, 178, 249.45, '', 'http://thumbs.buscape.com.br/aparelho-de-telefone/sem-fio-intelbras-ts-8220_200x200-PU87aad_1.jpg', '2015-12-05 02:24:49', '2015-12-05 02:24:49'),
(556675, 'Cuisinart ICE-100', 9800, 60, 0.00, '', 'http://thumbs.buscape.com.br/maquina-de-sorvete/cuisinart-ice-100_200x200-PU87e83_1.jpg', '2015-12-05 02:25:09', '2015-12-05 02:25:09'),
(557336, 'Eterny ET18013A', 10112, 131, 0.00, '', 'http://thumbs.buscape.com.br/moedor-de-carne/eterny-et18013a_200x200-PU88118_1.jpg', '2015-12-05 02:25:15', '2015-12-05 02:25:15'),
(557822, 'Kobo Touch', 10104, 24, 0.00, '', 'http://thumbs.buscape.com.br/leitor-de-e-book/kobo-touch_200x200-PU882fe_1.jpg', '2015-12-05 02:25:14', '2015-12-05 02:25:14'),
(557823, 'Kobo Glo', 10104, 24, 0.00, '', 'http://thumbs.buscape.com.br/leitor-de-e-book/kobo-glo_200x200-PU882ff_1.jpg', '2015-12-05 02:25:13', '2015-12-05 02:25:13'),
(558004, 'Kobo Aura HD', 10104, 24, 0.00, '', 'http://thumbs.buscape.com.br/leitor-de-e-book/kobo-aura-hd_200x200-PU883b4_1.jpg', '2015-12-05 02:25:14', '2015-12-05 02:25:14'),
(558737, 'Razer Atrox Arcade Stick Joystick', 100, 162, 1199.90, '', 'http://thumbs.buscape.com.br/joystick-controle/razer-atrox-arcade-stick-joystick_200x200-PU88691_1.jpg', '2015-12-05 02:24:14', '2015-12-05 02:24:14'),
(558915, 'Consul CCB10DB Janela 10000 BTUs Frio', 3661, 67, 1128.10, '', 'http://thumbs.buscape.com.br/ar-condicionado/consul-ccb10db-janela-10000-btus-frio_200x200-PU88743_1.jpg', '2015-12-05 02:24:44', '2015-12-05 02:24:44'),
(559148, 'Apple iPad Air Wi-Fi 16 GB', 10232, 30, 2342.22, '', 'http://thumbs.buscape.com.br/tablet/apple-ipad-air-wi-fi-16-gb_200x200-PU8882c_1.jpg', '2015-12-05 02:25:17', '2015-12-05 02:25:17'),
(559157, 'Apple iPad Air 4G 16 GB', 10232, 30, 2427.18, '', 'http://thumbs.buscape.com.br/tablet/apple-ipad-air-4g-16-gb_200x200-PU88835_1.jpg', '2015-12-05 02:25:17', '2015-12-05 02:25:17'),
(559186, 'Apple iPad mini Tela Retina 4G 16 GB', 10232, 30, 2076.95, '', 'http://thumbs.buscape.com.br/tablet/apple-ipad-mini-tela-retina-4g-16-gb_200x200-PU88852_1.jpg', '2015-12-05 02:25:17', '2015-12-05 02:25:17'),
(559304, 'Epson Powerlite S18+', 37, 39, 2529.00, '', 'http://thumbs.buscape.com.br/projetor-multimidia/epson-powerlite-s18_200x200-PU888c8_1.jpg', '2015-12-05 02:24:10', '2015-12-05 02:24:10'),
(559320, 'Consul Facilite CPB35AF', 9863, 67, 755.50, '', 'http://thumbs.buscape.com.br/purificador-de-agua/consul-facilite-cpb35af_200x200-PU888d8_1.jpg', '2015-12-05 02:25:11', '2015-12-05 02:25:11'),
(560017, 'BenQ RL2455HM LED 24.0 polegadas', 36, 36, 1057.56, '', 'http://thumbs.buscape.com.br/monitor/benq-rl2455hm-led-24-0-polegadas_200x200-PU88b91_1.jpg', '2015-12-05 02:24:09', '2015-12-05 02:24:09'),
(560262, 'Lenoxx Sound DK-418', 5, 6, 161.49, '', 'http://thumbs.buscape.com.br/dvd-player/lenoxx-sound-dk-418_200x200-PU88c86_1.jpg', '2015-12-05 02:24:05', '2015-12-05 02:24:05'),
(563754, 'Philco PH16E 16 Garrafas', 6507, 5, 715.47, '', 'http://thumbs.buscape.com.br/adega-climatizada/philco-ph16e-16-garrafas_200x200-PU89a2a_1.jpg', '2015-12-05 02:24:58', '2015-12-05 02:24:58'),
(563951, 'Black & Decker Ceramic Gliss AJ3000', 3852, 53, 178.00, '', 'http://thumbs.buscape.com.br/ferro-de-passar-roupas/black-decker-ceramic-gliss-aj3000_200x200-PU89aef_1.jpg', '2015-12-05 02:24:50', '2015-12-05 02:24:50'),
(564494, 'Dragon Age Inquisition Xbox One Blu-Ray', 6409, 176, 157.10, '', 'http://thumbs.buscape.com.br/jogos/dragon-age-inquisition-xbox-one-blu-ray_200x200-PU89d0e_1.jpg', '2015-12-05 02:24:53', '2015-12-05 02:24:53'),
(565161, 'Philips RI2595', 151, 2, 116.40, '', 'http://thumbs.buscape.com.br/torradeira/philips-ri2595_200x200-PU89fa9_1.jpg', '2015-12-05 02:24:31', '2015-12-05 02:24:31'),
(565655, 'Oster 4722 / 4723 Multifuncional', 147, 62, 97.40, '', 'http://thumbs.buscape.com.br/panela-eletrica/oster-4722-4723-multifuncional_200x200-PU8a197_1.jpg', '2015-12-05 02:24:28', '2015-12-05 02:24:28'),
(566031, 'Consul Facilite CBE07AB Split High Wall 7000 BTUs Frio', 3661, 67, 1015.13, '', 'http://thumbs.buscape.com.br/ar-condicionado/consul-facilite-cbe07ab-split-high-wall-7000-btus-frio_200x200-PU8a30f_1.jpg', '2015-12-05 02:24:44', '2015-12-05 02:24:44'),
(566198, 'Dazz Dual Shock Bluetooth Gamepad', 100, 163, 89.90, '', 'http://thumbs.buscape.com.br/joystick-controle/dazz-dual-shock-bluetooth-gamepad_200x200-PU8a3b6_1.jpg', '2015-12-05 02:24:14', '2015-12-05 02:24:14'),
(566432, 'BenQ MS504', 37, 36, 1754.03, '', 'http://thumbs.buscape.com.br/projetor-multimidia/benq-ms504_200x200-PU8a4a0_1.jpg', '2015-12-05 02:24:10', '2015-12-05 02:24:10'),
(566546, 'Amazon Kindle Paperwhite 3G', 10104, 20, 607.43, '', 'http://thumbs.buscape.com.br/leitor-de-e-book/amazon-kindle-paperwhite-3g_200x200-PU8a512_1.jpg', '2015-12-05 02:25:13', '2015-12-05 02:25:13'),
(567150, 'Três Corações S04 Modo Expresso', 121, 63, 467.94, '', 'http://thumbs.buscape.com.br/cafeteira/tres-coracoes-s04-modo-expresso_200x200-PU8a76e_1.jpg', '2015-12-05 02:24:18', '2015-12-05 02:24:18'),
(567178, 'Arno Dolce Gusto Mini Me Expresso', 121, 55, 570.41, '', 'http://thumbs.buscape.com.br/cafeteira/arno-dolce-gusto-mini-me-expresso_200x200-PU8a78a_1.jpg', '2015-12-05 02:24:18', '2015-12-05 02:24:18'),
(567540, 'BTC Incasa Recarregável', 10115, 157, 0.00, '', '', '2015-12-05 02:25:15', '2015-12-05 02:25:15'),
(567633, 'Brastemp BA190AR 90 cm Parede Aço Inox c/ Vidro', 7594, 66, 1787.05, '', 'http://thumbs.buscape.com.br/coifa-exaustor/brastemp-ba190ar-90-cm-parede-aco-inox-c-vidro_200x200-PU8a951_1.jpg', '2015-12-05 02:25:01', '2015-12-05 02:25:01'),
(567841, 'Multifuncional Samsung SL-M2070W Laser', 3606, 50, 682.55, '', 'http://thumbs.buscape.com.br/impressora/multifuncional-samsung-sl-m2070w-laser_200x200-PU8aa21_1.jpg', '2015-12-05 02:24:43', '2015-12-05 02:24:43'),
(568140, 'Consul CCN10DB Janela 10000 BTUs Frio', 3661, 67, 1248.06, '', 'http://thumbs.buscape.com.br/ar-condicionado/consul-ccn10db-janela-10000-btus-frio_200x200-PU8ab4c_1.jpg', '2015-12-05 02:24:44', '2015-12-05 02:24:44'),
(568190, 'Multifuncional HP Deskjet Ink Advantage 2646 Jato de Tinta', 3606, 50, 304.23, '', 'http://thumbs.buscape.com.br/impressora/multifuncional-hp-deskjet-ink-advantage-2646-jato-de-tinta_200x200-PU8ab7e_1.jpg', '2015-12-05 02:24:43', '2015-12-05 02:24:43'),
(568756, 'Apple iMac ME088BZ Intel Core i5 3.2 GHz 8192 MB 1024 GB', 22, 30, 12738.53, '', 'http://thumbs.buscape.com.br/pc/apple-imac-me088bz-intel-core-i5-3-2-ghz-8192-mb-1024-gb_200x200-PU8adb4_1.jpg', '2015-12-05 02:24:07', '2015-12-05 02:24:07'),
(568759, 'Apple iMac ME087BZ Intel Core i5 2.9 GHz 8192 MB 1024 GB', 22, 30, 11758.53, '', 'http://thumbs.buscape.com.br/pc/apple-imac-me087bz-intel-core-i5-2-9-ghz-8192-mb-1024-gb_200x200-PU8adb7_1.jpg', '2015-12-05 02:24:07', '2015-12-05 02:24:07'),
(568763, 'Apple iMac ME086BZ Intel Core i5 2.7 GHz 8192 MB 1024 GB', 22, 30, 9259.53, '', 'http://thumbs.buscape.com.br/pc/apple-imac-me086bz-intel-core-i5-2-7-ghz-8192-mb-1024-gb_200x200-PU8adbb_1.jpg', '2015-12-05 02:24:07', '2015-12-05 02:24:07'),
(569762, 'Cadence Simmy Colors', 10039, 59, 81.64, '', 'http://thumbs.buscape.com.br/chaleira-eletrica/cadence-simmy-colors_200x200-PU8b1a2_1.jpg', '2015-12-05 02:25:13', '2015-12-05 02:25:13'),
(569763, 'Cadence Simmy Colors CEL311', 10039, 59, 71.45, '', 'http://thumbs.buscape.com.br/chaleira-eletrica/cadence-simmy-colors-cel311_200x200-PU8b1a3_1.jpg', '2015-12-05 02:25:13', '2015-12-05 02:25:13'),
(569787, 'Consul CCN07DB Janela 7500 BTUs Frio', 3661, 67, 1007.75, '', 'http://thumbs.buscape.com.br/ar-condicionado/consul-ccn07db-janela-7500-btus-frio_200x200-PU8b1bb_1.jpg', '2015-12-05 02:24:44', '2015-12-05 02:24:44'),
(569954, 'Electrolux LE06X De Piso', 129, 52, 1698.50, '', 'http://thumbs.buscape.com.br/lava-loucas/electrolux-le06x-de-piso_200x200-PU8b262_1.jpg', '2015-12-05 02:24:23', '2015-12-05 02:24:23'),
(570240, 'Oster Gourmet TSSTTRDFL2', 151, 62, 164.40, '', 'http://thumbs.buscape.com.br/torradeira/oster-gourmet-tssttrdfl2_200x200-PU8b380_1.jpg', '2015-12-05 02:24:31', '2015-12-05 02:24:31'),
(570646, 'Consul Facilite CBE09AB Split High Wall 9000 BTUs Frio', 3661, 67, 1213.54, '', 'http://thumbs.buscape.com.br/ar-condicionado/consul-facilite-cbe09ab-split-high-wall-9000-btus-frio_200x200-PU8b516_1.jpg', '2015-12-05 02:24:44', '2015-12-05 02:24:44'),
(570647, 'Consul Facilite CBE18AB Split High Wall 18000 BTUs Frio', 3661, 67, 1897.79, '', 'http://thumbs.buscape.com.br/ar-condicionado/consul-facilite-cbe18ab-split-high-wall-18000-btus-frio_200x200-PU8b517_1.jpg', '2015-12-05 02:24:44', '2015-12-05 02:24:44'),
(570648, 'Consul Facilite CBE22AB Split High Wall 22000 BTUs Frio', 3661, 67, 2333.71, '', 'http://thumbs.buscape.com.br/ar-condicionado/consul-facilite-cbe22ab-split-high-wall-22000-btus-frio_200x200-PU8b518_1.jpg', '2015-12-05 02:24:44', '2015-12-05 02:24:44'),
(571302, 'Hamilton Beach Easy Reach 31334 de Mesa', 145, 54, 205.06, '', 'http://thumbs.buscape.com.br/forno-eletrico/hamilton-beach-easy-reach-31334-de-mesa_200x200-PU8b7a6_1.jpg', '2015-12-05 02:24:28', '2015-12-05 02:24:28'),
(571639, 'Mallory Slicy', 142, 77, 0.00, '', 'http://thumbs.buscape.com.br/faca-eletrica/mallory-slicy_200x200-PU8b8f7_1.jpg', '2015-12-05 02:24:27', '2015-12-05 02:24:27'),
(571646, 'Grill Britânia Multi Grill Inox', 157, 84, 128.78, '', 'http://thumbs.buscape.com.br/grill-eletrico-sanduicheira/grill-britania-multi-grill-inox_200x200-PU8b8fe_1.jpg', '2015-12-05 02:24:32', '2015-12-05 02:24:32'),
(571820, 'Hamilton Beach Freshmix', 123, 54, 109.63, '', 'http://thumbs.buscape.com.br/espremedor-de-frutas/hamilton-beach-freshmix_200x200-PU8b9ac_1.jpg', '2015-12-05 02:24:19', '2015-12-05 02:24:19'),
(572120, 'Refrigerador Electrolux RFE39 323 Litros Branco', 3673, 108, 1466.95, '', 'http://thumbs.buscape.com.br/geladeira-refrigerador/refrigerador-electrolux-rfe39-323-litros-branco_200x200-PU8bad8_1.jpg', '2015-12-05 02:24:48', '2015-12-05 02:24:48'),
(572747, 'Samsung S19C301 LED 18.5 Polegadas', 36, 17, 377.50, '', 'http://thumbs.buscape.com.br/monitor/samsung-s19c301-led-18-5-polegadas_200x200-PU8bd4b_1.jpg', '2015-12-05 02:24:09', '2015-12-05 02:24:09'),
(573828, 'Consul CHB42D Horizontal Branco', 131, 67, 2027.46, '', 'http://thumbs.buscape.com.br/freezer/consul-chb42d-horizontal-branco_200x200-PU8c184_1.jpg', '2015-12-05 02:24:24', '2015-12-05 02:24:24'),
(577096, 'Suggar MG150', 9801, 64, 0.00, '', 'http://thumbs.buscape.com.br/maquina-de-gelo/suggar-mg150_200x200-PU8ce48_1.jpg', '2015-12-05 02:25:10', '2015-12-05 02:25:10'),
(577112, 'Oster TSSTJC5B', 151, 62, 101.93, '', 'http://thumbs.buscape.com.br/torradeira/oster-tsstjc5b_200x200-PU8ce58_1.jpg', '2015-12-05 02:24:31', '2015-12-05 02:24:31'),
(577255, 'Philco PCL1F', 8958, 5, 418.50, '', 'http://thumbs.buscape.com.br/climatizador/philco-pcl1f_200x200-PU8cee7_1.jpg', '2015-12-05 02:25:03', '2015-12-05 02:25:03'),
(579701, 'Masterfrio New Eletronic', 6477, 111, 220.45, '', 'http://thumbs.buscape.com.br/bebedouro/masterfrio-new-eletronic_200x200-PU8d875_1.jpg', '2015-12-05 02:24:56', '2015-12-05 02:24:56'),
(579824, 'Hamilton Beach 37541 Arroz', 147, 54, 216.33, '', 'http://thumbs.buscape.com.br/panela-eletrica/hamilton-beach-37541-arroz_200x200-PU8d8f0_1.jpg', '2015-12-05 02:24:28', '2015-12-05 02:24:28'),
(580816, 'Epson PowerLite S17', 37, 39, 1861.00, '', 'http://thumbs.buscape.com.br/projetor-multimidia/epson-powerlite-s17_200x200-PU8dcd0_1.jpg', '2015-12-05 02:24:10', '2015-12-05 02:24:10'),
(581324, 'KitchenAid KIP01AXONA', 9800, 80, 757.18, '', 'http://thumbs.buscape.com.br/maquina-de-sorvete/kitchenaid-kip01axona_200x200-PU8decc_1.jpg', '2015-12-05 02:25:09', '2015-12-05 02:25:09'),
(581684, 'Midea Liva AKAF', 8958, 105, 377.77, '', 'http://thumbs.buscape.com.br/climatizador/midea-liva-akaf_200x200-PU8e034_1.jpg', '2015-12-05 02:25:03', '2015-12-05 02:25:03'),
(582486, 'Mallory Disney Carros 3 Pás Mesa', 3662, 77, 78.01, '', 'http://thumbs.buscape.com.br/ventilador-circulador/mallory-disney-carros-3-pas-mesa_200x200-PU8e356_1.jpg', '2015-12-05 02:24:45', '2015-12-05 02:24:45'),
(582580, 'Grill Philco Mini Grill', 157, 84, 99.79, '', 'http://thumbs.buscape.com.br/grill-eletrico-sanduicheira/grill-philco-mini-grill_200x200-PU8e3b4_1.jpg', '2015-12-05 02:24:32', '2015-12-05 02:24:32'),
(582921, 'Electrolux LE06A De Piso', 129, 52, 1208.65, '', 'http://thumbs.buscape.com.br/lava-loucas/electrolux-le06a-de-piso_200x200-PU8e509_1.jpg', '2015-12-05 02:24:23', '2015-12-05 02:24:23'),
(583105, 'Black & Decker AJ2000', 3852, 53, 72.67, '', 'http://thumbs.buscape.com.br/ferro-de-passar-roupas/black-decker-aj2000_200x200-PU8e5c1_1.jpg', '2015-12-05 02:24:50', '2015-12-05 02:24:50'),
(583527, 'Consul CCB07DB Janela 7500 BTUs Frio', 3661, 67, 826.65, '', 'http://thumbs.buscape.com.br/ar-condicionado/consul-ccb07db-janela-7500-btus-frio_200x200-PU8e767_1.jpg', '2015-12-05 02:24:44', '2015-12-05 02:24:44'),
(583791, 'Consul Facilite CPE15AB', 9863, 67, 142.50, '', 'http://thumbs.buscape.com.br/purificador-de-agua/consul-facilite-cpe15ab_200x200-PU8e86f_1.jpg', '2015-12-05 02:25:11', '2015-12-05 02:25:11'),
(584482, '2014 FIFA World Cup Brazil Playstation 3 Blu-Ray', 6409, 171, 34.09, '', 'http://thumbs.buscape.com.br/jogos/2014-fifa-world-cup-brazil-playstation-3-blu-ray_200x200-PU8eb22_1.jpg', '2015-12-05 02:24:53', '2015-12-05 02:24:53'),
(584520, 'Electrolux Painel Seguro MTD30 Branco', 126, 52, 350.57, '', 'http://thumbs.buscape.com.br/microondas/electrolux-painel-seguro-mtd30-branco_200x200-PU8eb48_1.jpg', '2015-12-05 02:24:20', '2015-12-05 02:24:20'),
(585600, 'Brastemp Ative! BMJ38 Inox', 126, 66, 621.27, '', 'http://thumbs.buscape.com.br/microondas/brastemp-ative-bmj38-inox_200x200-PU8ef80_1.jpg', '2015-12-05 02:24:20', '2015-12-05 02:24:20'),
(585713, 'BenQ XL2720Z LED 27.0 polegadas', 36, 36, 2410.03, '', 'http://thumbs.buscape.com.br/monitor/benq-xl2720z-led-27-0-polegadas_200x200-PU8eff1_1.jpg', '2015-12-05 02:24:09', '2015-12-05 02:24:09'),
(586208, 'Philips EasySpeed RI1028', 3852, 2, 131.97, '', 'http://thumbs.buscape.com.br/ferro-de-passar-roupas/philips-easyspeed-ri1028_200x200-PU8f1e0_1.jpg', '2015-12-05 02:24:50', '2015-12-05 02:24:50'),
(586797, 'Lenovo IdeaCentre B550 Intel Core i7-4770 3.4 GHz 8192 MB 1024 GB', 22, 35, 4176.85, '', 'http://thumbs.buscape.com.br/pc/lenovo-ideacentre-b550-intel-core-i7-4770-3-4-ghz-8192-mb-1024-gb_200x200-PU8f42d_1.jpg', '2015-12-05 02:24:07', '2015-12-05 02:24:07'),
(586798, 'Lenovo IdeaCentre B550 Intel Core i5-4430 3.0 GHz 8192 MB 1024 GB', 22, 35, 3543.39, '', 'http://thumbs.buscape.com.br/pc/lenovo-ideacentre-b550-intel-core-i5-4430-3-0-ghz-8192-mb-1024-gb_200x200-PU8f42e_1.jpg', '2015-12-05 02:24:07', '2015-12-05 02:24:07'),
(587395, 'Cadence Max Fryer FRT520', 150, 59, 341.91, '', 'http://thumbs.buscape.com.br/fritadeira/cadence-max-fryer-frt520_200x200-PU8f683_1.jpg', '2015-12-05 02:24:30', '2015-12-05 02:24:30'),
(587522, 'Nespresso Inissia C40 Automática', 121, 61, 325.90, '', 'http://thumbs.buscape.com.br/cafeteira/nespresso-inissia-c40-automatica_200x200-PU8f702_1.jpg', '2015-12-05 02:24:18', '2015-12-05 02:24:18'),
(587544, 'Nespresso Inissia D40 Automática', 121, 61, 341.97, '', 'http://thumbs.buscape.com.br/cafeteira/nespresso-inissia-d40-automatica_200x200-PU8f718_1.jpg', '2015-12-05 02:24:19', '2015-12-05 02:24:19'),
(588443, 'Mondial Air Fryer Digital AF-04', 150, 8, 487.01, '', 'http://thumbs.buscape.com.br/fritadeira/mondial-air-fryer-digital-af-04_200x200-PU8fa9b_1.jpg', '2015-12-05 02:24:30', '2015-12-05 02:24:30'),
(591710, 'Dell Vostro 5470 Intel Core i5-4210U 1.7 GHz 4096 MB 500 GB', 6424, 37, 2890.46, '', 'http://thumbs.buscape.com.br/notebook/dell-vostro-5470-intel-core-i5-4210u-1-7-ghz-4096-mb-500-gb_200x200-PU9075e_1.jpg', '2015-12-05 02:24:54', '2015-12-05 02:24:54'),
(591885, 'Multifuncional HP OfficeJet Pro 8610 Jato de Tinta', 3606, 50, 680.95, '', 'http://thumbs.buscape.com.br/impressora/multifuncional-hp-officejet-pro-8610-jato-de-tinta_200x200-PU9080d_1.jpg', '2015-12-05 02:24:43', '2015-12-05 02:24:43'),
(591992, 'Latina SR575 10 Kg', 127, 69, 363.77, '', 'http://thumbs.buscape.com.br/secadora-de-roupas/latina-sr575-10-kg_200x200-PU90878_1.jpg', '2015-12-05 02:24:22', '2015-12-05 02:24:22'),
(591994, 'Multifuncional HP OfficeJet Pro 8620 Jato de Tinta', 3606, 50, 820.50, '', 'http://thumbs.buscape.com.br/impressora/multifuncional-hp-officejet-pro-8620-jato-de-tinta_200x200-PU9087a_1.jpg', '2015-12-05 02:24:43', '2015-12-05 02:24:43'),
(592519, 'Ducha Lorenzetti Duo Shower Turbo Eletro 127/5500', 3447, 102, 237.55, '', 'http://thumbs.buscape.com.br/chuveiro-ducha/ducha-lorenzetti-duo-shower-turbo-eletro-127-5500_200x200-PU90a87_1.jpg', '2015-12-05 02:24:40', '2015-12-05 02:24:40'),
(592614, 'Singer Steamworks Pro', 9798, 82, 228.70, '', 'http://thumbs.buscape.com.br/passadeira-a-vapor/singer-steamworks-pro_200x200-PU90ae6_1.jpg', '2015-12-05 02:25:08', '2015-12-05 02:25:08'),
(593147, 'Google Chromecast', 10936, 34, 222.45, '', 'http://thumbs.buscape.com.br/media-server/google-chromecast_200x200-PU90cfb_1.jpg', '2015-12-05 02:25:18', '2015-12-05 02:25:18'),
(593319, 'Logitech G13 Gamepad', 100, 43, 412.96, '', 'http://thumbs.buscape.com.br/joystick-controle/logitech-g13-gamepad_200x200-PU90da7_1.jpg', '2015-12-05 02:24:14', '2015-12-05 02:24:14'),
(593359, 'Logitech Powershell Gamepad', 100, 43, 310.86, '', 'http://thumbs.buscape.com.br/joystick-controle/logitech-powershell-gamepad_200x200-PU90dcf_1.jpg', '2015-12-05 02:24:14', '2015-12-05 02:24:14');
INSERT INTO `products` (`id`, `name`, `subcategory_id`, `manufacturer_id`, `med_price`, `full_description`, `default_image`, `created_at`, `updated_at`) VALUES
(594175, 'LG BP440 Blu-Ray 3D', 9754, 3, 332.07, '', 'http://thumbs.buscape.com.br/blu-ray-player-hd-dvd-player/lg-bp440-blu-ray-3d_200x200-PU910ff_1.jpg', '2015-12-05 02:25:05', '2015-12-05 02:25:05'),
(595245, 'Nespresso Umat C50 Automática', 121, 61, 476.89, '', 'http://thumbs.buscape.com.br/cafeteira/nespresso-umat-c50-automatica_200x200-PU9152d_1.jpg', '2015-12-05 02:24:18', '2015-12-05 02:24:18'),
(595419, 'Cervejeira Consul Mais CZD12AY 82 Litros Amarelo', 6504, 115, 1924.77, '', 'http://thumbs.buscape.com.br/frigobar/cervejeira-consul-mais-czd12ay-82-litros-amarelo_200x200-PU915db_1.jpg', '2015-12-05 02:24:57', '2015-12-05 02:24:57'),
(595423, 'Impressora Epson L1300 Jato de Tinta', 3606, 39, 2491.15, '', 'http://thumbs.buscape.com.br/impressora/impressora-epson-l1300-jato-de-tinta_200x200-PU915df_1.jpg', '2015-12-05 02:24:43', '2015-12-05 02:24:43'),
(595477, 'Fifa Soccer 15 Playstation 4 Blu-Ray', 6409, 171, 84.90, '', 'http://thumbs.buscape.com.br/jogos/fifa-soccer-15-playstation-4-blu-ray_200x200-PU91615_1.jpg', '2015-12-05 02:24:53', '2015-12-05 02:24:53'),
(595482, 'Cervejeira Consul Mais CZD12AV 82 Litros Vermelho', 6504, 115, 1905.74, '', 'http://thumbs.buscape.com.br/frigobar/cervejeira-consul-mais-czd12av-82-litros-vermelho_200x200-PU9161a_1.jpg', '2015-12-05 02:24:57', '2015-12-05 02:24:57'),
(595484, 'Cervejeira Consul Mais CZD12AT 82 Litros Titanium', 6504, 115, 1929.98, '', 'http://thumbs.buscape.com.br/frigobar/cervejeira-consul-mais-czd12at-82-litros-titanium_200x200-PU9161c_1.jpg', '2015-12-05 02:24:57', '2015-12-05 02:24:57'),
(597483, 'Multilaser Supra Wi-Fi 8 GB', 10232, 31, 261.52, '', 'http://thumbs.buscape.com.br/tablet/multilaser-supra-wi-fi-8-gb_200x200-PU91deb_1.jpg', '2015-12-05 02:25:17', '2015-12-05 02:25:17'),
(597691, 'LG 23MP55 LED 25.0 polegadas', 36, 3, 604.05, '', 'http://thumbs.buscape.com.br/monitor/lg-23mp55-led-25-0-polegadas_200x200-PU91ebb_1.jpg', '2015-12-05 02:24:09', '2015-12-05 02:24:09'),
(597834, 'Pro Evolution Soccer 2015 Playstation 4 Blu-Ray', 6409, 172, 121.35, '', 'http://thumbs.buscape.com.br/jogos/pro-evolution-soccer-2015-playstation-4-blu-ray_200x200-PU91f4a_1.jpg', '2015-12-05 02:24:53', '2015-12-05 02:24:53'),
(598166, 'LG 23MP55HQ LED IPS 23.0 polegadas', 36, 3, 640.20, '', 'http://thumbs.buscape.com.br/monitor/lg-23mp55hq-led-ips-23-0-polegadas_200x200-PU92096_1.jpg', '2015-12-05 02:24:09', '2015-12-05 02:24:09'),
(598531, 'Samsung Galaxy S5 Mini Duos SM-G800 Desbloqueado', 77, 17, 1182.46, '', 'http://thumbs.buscape.com.br/celular-e-smartphone/smartphone-samsung-galaxy-s5-mini-duos-sm-g800-desbloqueado_200x200-PU92203_1.jpg', '2015-12-05 02:24:12', '2015-12-05 02:24:12'),
(598624, 'Candide Xuxa Wi-Fi 8 GB', 10232, 51, 349.02, '', 'http://thumbs.buscape.com.br/tablet/candide-xuxa-wi-fi-8-gb_200x200-PU92260_1.jpg', '2015-12-05 02:25:17', '2015-12-05 02:25:17'),
(598687, 'LG 23MP65 LED 23.0 polegadas', 36, 3, 729.00, '', 'http://thumbs.buscape.com.br/monitor/lg-23mp65-led-23-0-polegadas_200x200-PU9229f_1.jpg', '2015-12-05 02:24:09', '2015-12-05 02:24:09'),
(598773, 'Electrolux MA30S Prata', 126, 52, 361.65, '', 'http://thumbs.buscape.com.br/microondas/electrolux-ma30s-prata_200x200-PU922f5_1.jpg', '2015-12-05 02:24:20', '2015-12-05 02:24:20'),
(598898, 'Saraiva Lev Com Luz', 10104, 25, 0.00, '', 'http://thumbs.buscape.com.br/leitor-de-e-book/saraiva-lev-com-luz_200x200-PU92372_1.jpg', '2015-12-05 02:25:13', '2015-12-05 02:25:13'),
(598899, 'Saraiva Lev', 10104, 25, 0.00, '', 'http://thumbs.buscape.com.br/leitor-de-e-book/saraiva-lev_200x200-PU92373_1.jpg', '2015-12-05 02:25:13', '2015-12-05 02:25:13'),
(598995, 'Steam Max Max Fryer SM-611', 150, 78, 452.69, '', 'http://thumbs.buscape.com.br/fritadeira/steam-max-max-fryer-sm-611_200x200-PU923d3_1.jpg', '2015-12-05 02:24:30', '2015-12-05 02:24:30'),
(598998, 'Cadence Perfect Fryer FRT531', 150, 59, 392.77, '', 'http://thumbs.buscape.com.br/fritadeira/cadence-perfect-fryer-frt531_200x200-PU923d6_1.jpg', '2015-12-05 02:24:30', '2015-12-05 02:24:30'),
(599116, 'Cadence Sabore PAN900 Pressão', 147, 59, 254.40, '', 'http://thumbs.buscape.com.br/panela-eletrica/cadence-sabore-pan900-pressao_200x200-PU9244c_1.jpg', '2015-12-05 02:24:28', '2015-12-05 02:24:28'),
(599336, 'LG 22MP55HQ LED IPS 21.5 polegadas', 36, 3, 531.05, '', 'http://thumbs.buscape.com.br/monitor/lg-22mp55hq-led-ips-21-5-polegadas_200x200-PU92528_1.jpg', '2015-12-05 02:24:09', '2015-12-05 02:24:09'),
(599608, 'Cuisinart ICE-45', 9800, 60, 0.00, '', '', '2015-12-05 02:25:10', '2015-12-05 02:25:10'),
(599617, 'Hamilton Beach 68320', 9800, 54, 0.00, '', '', '2015-12-05 02:25:09', '2015-12-05 02:25:09'),
(599628, 'Hamilton Beach 68220', 9800, 54, 0.00, '', '', '2015-12-05 02:25:10', '2015-12-05 02:25:10'),
(600111, 'Dell Inspiron 14 série 3000 Intel Core i3-4005U 1.7 GHz 4096 MB 1024 GB', 6424, 37, 1727.20, '', 'http://thumbs.buscape.com.br/notebook/dell-inspiron-14-serie-3000-intel-core-i3-4005u-1-7-ghz-4096-mb-1024-gb_200x200-PU9282f_1.jpg', '2015-12-05 02:24:54', '2015-12-05 02:24:54'),
(600174, 'Janome 1006-6', 154, 83, 558.00, '', 'http://thumbs.buscape.com.br/maquina-de-costura/janome-1006-6_200x200-PU9286e_1.jpg', '2015-12-05 02:24:32', '2015-12-05 02:24:32'),
(600216, 'Electrolux NAN11 1000 W', 119, 52, 187.34, '', 'http://thumbs.buscape.com.br/aspirador-de-po-agua/electrolux-nan11-1000-w_200x200-PU92898_1.jpg', '2015-12-05 02:24:16', '2015-12-05 02:24:16'),
(600217, 'Mondial Next 1500 1200 W', 119, 8, 141.82, '', 'http://thumbs.buscape.com.br/aspirador-de-po-agua/mondial-next-1500-1200-w_200x200-PU92899_1.jpg', '2015-12-05 02:24:16', '2015-12-05 02:24:16'),
(600359, 'Planetária Black & Decker PLAN1000', 120, 56, 455.88, '', 'http://thumbs.buscape.com.br/batedeira/planetaria-black-decker-plan1000_200x200-PU92927_1.jpg', '2015-12-05 02:24:18', '2015-12-05 02:24:18'),
(601030, 'Apple iMac MF883BZ Intel Core i5 1.4 GHz 8192 MB 500 GB', 22, 30, 8083.53, '', 'http://thumbs.buscape.com.br/pc/apple-imac-mf883bz-intel-core-i5-1-4-ghz-8192-mb-500-gb_200x200-PU92bc6_1.jpg', '2015-12-05 02:24:07', '2015-12-05 02:24:07'),
(601094, 'Electrolux OE8MX de Embutir', 145, 52, 1499.99, '', 'http://thumbs.buscape.com.br/forno-eletrico/electrolux-oe8mx-de-embutir_200x200-PU92c06_1.jpg', '2015-12-05 02:24:27', '2015-12-05 02:24:27'),
(601189, 'Microsoft Xbox One 500 GB', 6058, 40, 2175.71, '', 'http://thumbs.buscape.com.br/console-de-videogame/microsoft-xbox-one-500-gb_200x200-PU92c65_1.jpg', '2015-12-05 02:24:51', '2015-12-05 02:24:51'),
(601304, 'Orbital Cadence Orbital Colors', 120, 57, 328.89, '', 'http://thumbs.buscape.com.br/batedeira/orbital-cadence-orbital-colors_200x200-PU92cd8_1.jpg', '2015-12-05 02:24:17', '2015-12-05 02:24:17'),
(601477, 'Electrolux Ergorapido ERG11', 119, 52, 474.90, '', 'http://thumbs.buscape.com.br/aspirador-de-po-agua/electrolux-ergorapido-erg11_200x200-PU92d85_1.jpg', '2015-12-05 02:24:16', '2015-12-05 02:24:16'),
(601697, 'Battlefield Hardline Playstation 4 Blu-Ray', 6409, 176, 153.41, '', 'http://thumbs.buscape.com.br/jogos/battlefield-hardline-playstation-4-blu-ray_200x200-PU92e61_1.jpg', '2015-12-05 02:24:53', '2015-12-05 02:24:53'),
(601865, 'Brastemp Clean BFO4N Piso 4 Bocas Branco', 138, 66, 845.79, '', 'http://thumbs.buscape.com.br/fogao/brastemp-clean-bfo4n-piso-4-bocas-branco_200x200-PU92f09_1.jpg', '2015-12-05 02:24:26', '2015-12-05 02:24:26'),
(602646, 'Wap Fit', 2423, 91, 392.40, '', 'http://thumbs.buscape.com.br/lavadora-de-alta-pressao/wap-fit_200x200-PU93216_1.jpg', '2015-12-05 02:24:34', '2015-12-05 02:24:34'),
(603257, 'Black & Decker Ciclone A4A 1400 W', 119, 53, 303.10, '', 'http://thumbs.buscape.com.br/aspirador-de-po-agua/black-decker-ciclone-a4a-1400-w_200x200-PU93479_1.jpg', '2015-12-05 02:24:16', '2015-12-05 02:24:16'),
(603274, 'Multilaser M9 Wi-Fi 8 GB', 10232, 31, 344.62, '', 'http://thumbs.buscape.com.br/tablet/multilaser-m9-wi-fi-8-gb_200x200-PU9348a_1.jpg', '2015-12-05 02:25:17', '2015-12-05 02:25:17'),
(603540, 'Multifuncional HP LaserJet Pro M125A Laser', 3606, 50, 1002.00, '', 'http://thumbs.buscape.com.br/impressora/multifuncional-hp-laserjet-pro-m125a-laser_200x200-PU93594_1.jpg', '2015-12-05 02:24:43', '2015-12-05 02:24:43'),
(603580, 'Electrolux Acqua Power AQP20 1200 W', 119, 52, 207.90, '', 'http://thumbs.buscape.com.br/aspirador-de-po-agua/electrolux-acqua-power-aqp20-1200-w_200x200-PU935bc_1.jpg', '2015-12-05 02:24:16', '2015-12-05 02:24:16'),
(603836, 'HP 14-R051 Intel Core i3-4005U 1.7 GHz 4096 MB 500 GB', 6424, 10, 2001.00, '', 'http://thumbs.buscape.com.br/notebook/hp-14-r051-intel-core-i3-4005u-1-7-ghz-4096-mb-500-gb_200x200-PU936bc_1.jpg', '2015-12-05 02:24:54', '2015-12-05 02:24:54'),
(603847, 'Samsung Série 5 UN58H5203AG LED Plana 58 polegadas', 2852, 17, 3696.24, '', 'http://thumbs.buscape.com.br/tv/samsung-serie-5-un58h5203ag-led-plana-58-polegadas_200x200-PU936c7_1.jpg', '2015-12-05 02:24:39', '2015-12-05 02:24:39'),
(603894, 'Just Dance 2015 Xbox One Blu-Ray', 6409, 173, 129.90, '', 'http://thumbs.buscape.com.br/jogos/just-dance-2015-xbox-one-blu-ray_200x200-PU936f6_1.jpg', '2015-12-05 02:24:53', '2015-12-05 02:24:53'),
(604121, 'Apple iPad Air 2 Wi-Fi 16 GB', 10232, 30, 3054.07, '', 'http://thumbs.buscape.com.br/tablet/apple-ipad-air-2-wi-fi-16-gb_200x200-PU937d9_1.jpg', '2015-12-05 02:25:17', '2015-12-05 02:25:17'),
(604124, 'Apple iPad Air 2 4G 16 GB', 10232, 30, 3100.08, '', 'http://thumbs.buscape.com.br/tablet/apple-ipad-air-2-4g-16-gb_200x200-PU937dc_1.jpg', '2015-12-05 02:25:17', '2015-12-05 02:25:17'),
(604127, 'Apple iPad mini 3 Wi-Fi 16 GB', 10232, 30, 2251.72, '', 'http://thumbs.buscape.com.br/tablet/apple-ipad-mini-3-wi-fi-16-gb_200x200-PU937df_1.jpg', '2015-12-05 02:25:17', '2015-12-05 02:25:17'),
(604129, 'Apple iPad mini 3 Wi-Fi 128 GB', 10232, 30, 2599.34, '', 'http://thumbs.buscape.com.br/tablet/apple-ipad-mini-3-wi-fi-128-gb_200x200-PU937e1_1.jpg', '2015-12-05 02:25:17', '2015-12-05 02:25:17'),
(604132, 'Apple iPad mini 3 4G 64 GB', 10232, 30, 2731.57, '', 'http://thumbs.buscape.com.br/tablet/apple-ipad-mini-3-4g-64-gb_200x200-PU937e4_1.jpg', '2015-12-05 02:25:17', '2015-12-05 02:25:17'),
(604133, 'Apple iPad mini 3 4G 128 GB', 10232, 30, 3119.39, '', 'http://thumbs.buscape.com.br/tablet/apple-ipad-mini-3-4g-128-gb_200x200-PU937e5_1.jpg', '2015-12-05 02:25:17', '2015-12-05 02:25:17'),
(605254, 'HP Pavilion x360 11-n026 Intel Celeron N2830 2.16 GHz 4096 MB 500 GB', 6424, 10, 1679.51, '', 'http://thumbs.buscape.com.br/notebook/hp-pavilion-x360-11-n026-intel-celeron-n2830-2-16-ghz-4096-mb-500-gb_200x200-PU93c46_1.jpg', '2015-12-05 02:24:54', '2015-12-05 02:24:54'),
(605267, 'HP Pavilion x360 11-n025 Intel Pentium N3530 2.16 GHz 4096 MB 500 GB', 6424, 10, 1992.68, '', 'http://thumbs.buscape.com.br/notebook/hp-pavilion-x360-11-n025-intel-pentium-n3530-2-16-ghz-4096-mb-500-gb_200x200-PU93c53_1.jpg', '2015-12-05 02:24:54', '2015-12-05 02:24:54'),
(605885, 'Springer Carrier Wind SCAQFB', 8958, 103, 580.25, '', 'http://thumbs.buscape.com.br/climatizador/springer-carrier-wind-scaqfb_200x200-PU93ebd_1.jpg', '2015-12-05 02:25:03', '2015-12-05 02:25:03'),
(605928, 'Electrolux Turbo Economia LTD13 Superior 13 Kg Branco', 3671, 52, 1475.38, '', 'http://thumbs.buscape.com.br/maquina-de-lavar-roupas/electrolux-turbo-economia-ltd13-superior-13-kg-branco_200x200-PU93ee8_1.jpg', '2015-12-05 02:24:47', '2015-12-05 02:24:47'),
(605930, 'Electrolux Turbo Economia LTD15 Superior 15 Kg Branco', 3671, 52, 1447.56, '', 'http://thumbs.buscape.com.br/maquina-de-lavar-roupas/electrolux-turbo-economia-ltd15-superior-15-kg-branco_200x200-PU93eea_1.jpg', '2015-12-05 02:24:47', '2015-12-05 02:24:47'),
(606076, 'Midea Liva MPB-12CRV Portátil 12000 BTUs Frio', 3661, 105, 2008.38, '', 'http://thumbs.buscape.com.br/ar-condicionado/midea-liva-mpb-12crv-portatil-12000-btus-frio_200x200-PU93f7c_1.jpg', '2015-12-05 02:24:44', '2015-12-05 02:24:44'),
(606085, 'Dell Inspiron 15 Série 3000 Intel Core i5-4210U 1.7 GHz 4096 MB 1024 GB', 6424, 37, 2261.41, '', 'http://thumbs.buscape.com.br/notebook/dell-inspiron-15-serie-3000-intel-core-i5-4210u-1-7-ghz-4096-mb-1024-gb_200x200-PU93f85_1.jpg', '2015-12-05 02:24:54', '2015-12-05 02:24:54'),
(606165, 'LG All in One 22V240 Intel Celeron N2930 1.83 GHz 4096 MB 500 GB', 22, 3, 1763.02, '', 'http://thumbs.buscape.com.br/pc/lg-all-in-one-22v240-intel-celeron-n2930-1-83-ghz-4096-mb-500-gb_200x200-PU93fd5_1.jpg', '2015-12-05 02:24:07', '2015-12-05 02:24:07'),
(606198, 'Consul CMW30 Branco', 126, 67, 460.90, '', 'http://thumbs.buscape.com.br/microondas/consul-cmw30-branco_200x200-PU93ff6_1.jpg', '2015-12-05 02:24:20', '2015-12-05 02:24:20'),
(606320, 'Refrigerador Electrolux DF42X 382 Litros Inox', 3673, 108, 1873.14, '', 'http://thumbs.buscape.com.br/geladeira-refrigerador/refrigerador-electrolux-df42x-382-litros-inox_200x200-PU94070_1.jpg', '2015-12-05 02:24:49', '2015-12-05 02:24:49'),
(606586, 'Brastemp BMJ23AS Preto', 126, 66, 625.70, '', 'http://thumbs.buscape.com.br/microondas/brastemp-bmj23as-preto_200x200-PU9417a_1.jpg', '2015-12-05 02:24:20', '2015-12-05 02:24:20'),
(606587, 'Panasonic Style NN-ST654W Branco', 126, 18, 486.33, '', 'http://thumbs.buscape.com.br/microondas/panasonic-style-nn-st654w-branco_200x200-PU9417b_1.jpg', '2015-12-05 02:24:20', '2015-12-05 02:24:20'),
(606593, 'Brastemp BLF10AS Embutir', 129, 66, 2229.56, '', 'http://thumbs.buscape.com.br/lava-loucas/brastemp-blf10as-embutir_200x200-PU94181_1.jpg', '2015-12-05 02:24:23', '2015-12-05 02:24:23'),
(606595, 'Brastemp BLF10AB Embutir', 129, 66, 2054.73, '', 'http://thumbs.buscape.com.br/lava-loucas/brastemp-blf10ab-embutir_200x200-PU94183_1.jpg', '2015-12-05 02:24:23', '2015-12-05 02:24:23'),
(606644, 'Brastemp BAT80AR 80 cm Parede Aço Inox', 7594, 66, 864.62, '', 'http://thumbs.buscape.com.br/coifa-exaustor/brastemp-bat80ar-80-cm-parede-aco-inox_200x200-PU941b4_1.jpg', '2015-12-05 02:25:01', '2015-12-05 02:25:01'),
(606724, 'Samsung Galaxy A3 SM-A300M Desbloqueado', 77, 17, 1021.85, '', 'http://thumbs.buscape.com.br/celular-e-smartphone/smartphone-samsung-galaxy-a3-sm-a300m-desbloqueado_200x200-PU94204_1.jpg', '2015-12-05 02:24:12', '2015-12-05 02:24:12'),
(606726, 'Samsung Galaxy A5 SM-A500M Desbloqueado', 77, 17, 1226.99, '', 'http://thumbs.buscape.com.br/celular-e-smartphone/smartphone-samsung-galaxy-a5-sm-a500m-desbloqueado_200x200-PU94206_1.jpg', '2015-12-05 02:24:12', '2015-12-05 02:24:12'),
(606882, 'Consul C1R07AB', 8958, 67, 591.92, '', 'http://thumbs.buscape.com.br/climatizador/consul-c1r07ab_200x200-PU942a2_1.jpg', '2015-12-05 02:25:03', '2015-12-05 02:25:03'),
(606883, 'Consul Bem Estar C1F07AB', 8958, 67, 463.65, '', 'http://thumbs.buscape.com.br/climatizador/consul-bem-estar-c1f07ab_200x200-PU942a3_1.jpg', '2015-12-05 02:25:03', '2015-12-05 02:25:03'),
(606884, 'Cadence CLI301', 8958, 59, 259.19, '', 'http://thumbs.buscape.com.br/climatizador/cadence-cli301_200x200-PU942a4_1.jpg', '2015-12-05 02:25:03', '2015-12-05 02:25:03'),
(606885, 'Consul C1F07AT', 8958, 67, 600.71, '', 'http://thumbs.buscape.com.br/climatizador/consul-c1f07at_200x200-PU942a5_1.jpg', '2015-12-05 02:25:03', '2015-12-05 02:25:03'),
(606886, 'Consul C1R07AT', 8958, 67, 678.53, '', 'http://thumbs.buscape.com.br/climatizador/consul-c1r07at_200x200-PU942a6_1.jpg', '2015-12-05 02:25:03', '2015-12-05 02:25:03'),
(607679, 'HP All in One 18-5200 AMD E1-6010 1.35 GHz 4096 MB 500 GB', 22, 10, 1520.17, '', 'http://thumbs.buscape.com.br/pc/hp-all-in-one-18-5200-amd-e1-6010-1-35-ghz-4096-mb-500-gb_200x200-PU945bf_1.jpg', '2015-12-05 02:24:07', '2015-12-05 02:24:07'),
(607680, 'HP All in One 19-2200 Intel Core i3-4150T 3.0 GHz 4096 MB 500 GB', 22, 10, 2244.05, '', 'http://thumbs.buscape.com.br/pc/hp-all-in-one-19-2200-intel-core-i3-4150t-3-0-ghz-4096-mb-500-gb_200x200-PU945c0_1.jpg', '2015-12-05 02:24:07', '2015-12-05 02:24:07'),
(607690, 'Apple Mac mini MGEN2BZ Intel Core i5 2.6 GHz 8192 MB 1024 GB', 22, 30, 5849.02, '', 'http://thumbs.buscape.com.br/pc/apple-mac-mini-mgen2bz-intel-core-i5-2-6-ghz-8192-mb-1024-gb_200x200-PU945ca_1.jpg', '2015-12-05 02:24:07', '2015-12-05 02:24:07'),
(607692, 'Apple Mac mini MGEM2BZ Intel Core i5 1.4 GHz 4096 MB 500 GB', 22, 30, 3611.03, '', 'http://thumbs.buscape.com.br/pc/apple-mac-mini-mgem2bz-intel-core-i5-1-4-ghz-4096-mb-500-gb_200x200-PU945cc_1.jpg', '2015-12-05 02:24:07', '2015-12-05 02:24:07'),
(608294, 'Cervejeira Philco FrostBier Cer P-01 98 Litros', 6504, 115, 1436.35, '', 'http://thumbs.buscape.com.br/frigobar/cervejeira-philco-frostbier-cer-p-01-98-litros_200x200-PU94826_1.jpg', '2015-12-05 02:24:57', '2015-12-05 02:24:57'),
(608296, 'LG All in One 22V240 Intel Pentium N3530 2.16 GHz 4096 MB 500 GB', 22, 3, 1756.55, '', 'http://thumbs.buscape.com.br/pc/lg-all-in-one-22v240-intel-pentium-n3530-2-16-ghz-4096-mb-500-gb_200x200-PU94828_1.jpg', '2015-12-05 02:24:07', '2015-12-05 02:24:07'),
(608338, 'Samsung ATIV Book 2 NP270E5J Intel Core i7-4510U 2.0 GHz 8192 MB 1024 GB', 6424, 17, 2772.42, '', 'http://thumbs.buscape.com.br/notebook/samsung-ativ-book-2-np270e5j-intel-core-i7-4510u-2-0-ghz-8192-mb-1024-gb_200x200-PU94852_1.jpg', '2015-12-05 02:24:54', '2015-12-05 02:24:54'),
(608344, 'Samsung ATIV Book 2 NP270E5J Intel Core i5-4210U 1.7 GHz 8192 MB 1024 GB', 6424, 17, 2476.05, '', 'http://thumbs.buscape.com.br/notebook/samsung-ativ-book-2-np270e5j-intel-core-i5-4210u-1-7-ghz-8192-mb-1024-gb_200x200-PU94858_1.jpg', '2015-12-05 02:24:54', '2015-12-05 02:24:54'),
(608393, 'KÄRCHER SC 1.010', 2845, 90, 326.30, '', 'http://thumbs.buscape.com.br/higienizador-a-vapor/karcher-sc-1-010_200x200-PU94889_1.jpg', '2015-12-05 02:24:37', '2015-12-05 02:24:37'),
(608510, 'Samsung Galaxy Win 2 Duos SM-G360B Desbloqueado', 77, 17, 587.70, '', 'http://thumbs.buscape.com.br/celular-e-smartphone/smartphone-samsung-galaxy-win-2-duos-sm-g360b-desbloqueado_200x200-PU948fe_1.jpg', '2015-12-05 02:24:12', '2015-12-05 02:24:12'),
(608589, 'Planetária Arno Dual SX91', 120, 56, 465.05, '', 'http://thumbs.buscape.com.br/batedeira/planetaria-arno-dual-sx91_200x200-PU9494d_1.jpg', '2015-12-05 02:24:18', '2015-12-05 02:24:18'),
(608602, 'Apple Mac Mini MGEQ2BZ Intel Core i5 2.8 GHz 8192 MB 1024 GB', 22, 30, 6789.01, '', 'http://thumbs.buscape.com.br/pc/apple-mac-mini-mgeq2bz-intel-core-i5-2-8-ghz-8192-mb-1024-gb_200x200-PU9495a_1.jpg', '2015-12-05 02:24:07', '2015-12-05 02:24:07'),
(608750, 'Portátil Hamilton Beach Clássica 62650', 120, 58, 188.89, '', 'http://thumbs.buscape.com.br/batedeira/portatil-hamilton-beach-classica-62650_200x200-PU949ee_1.jpg', '2015-12-05 02:24:18', '2015-12-05 02:24:18'),
(609006, 'Samsung Galaxy S6 SM-G920 32GB Desbloqueado', 77, 17, 2399.05, '', 'http://thumbs.buscape.com.br/celular-e-smartphone/smartphone-samsung-galaxy-s6-sm-g920-32gb-desbloqueado_200x200-PU94aee_1.jpg', '2015-12-05 02:24:12', '2015-12-05 02:24:12'),
(609010, 'Samsung Galaxy S6 Edge SM-G925 32GB Desbloqueado', 77, 17, 2898.26, '', 'http://thumbs.buscape.com.br/celular-e-smartphone/smartphone-samsung-galaxy-s6-edge-sm-g925-32gb-desbloqueado_200x200-PU94af2_1.jpg', '2015-12-05 02:24:12', '2015-12-05 02:24:12'),
(609490, 'BenQ XL Series XL2430T LED 24.0 polegadas', 36, 36, 1851.55, '', 'http://thumbs.buscape.com.br/monitor/benq-xl-series-xl2430t-led-24-0-polegadas_200x200-PU94cd2_1.jpg', '2015-12-05 02:24:09', '2015-12-05 02:24:09'),
(609708, 'Hamilton Beach Multifuncional 58145 1,4 Litros', 3669, 54, 194.50, '', 'http://thumbs.buscape.com.br/liquidificador/hamilton-beach-multifuncional-58145-1-4-litros_200x200-PU94dac_1.jpg', '2015-12-05 02:24:45', '2015-12-05 02:24:45'),
(609714, 'Cadence Trapèze Colors 1,5 Litros', 3669, 59, 89.72, '', 'http://thumbs.buscape.com.br/liquidificador/cadence-trapeze-colors-1-5-litros_200x200-PU94db2_1.jpg', '2015-12-05 02:24:45', '2015-12-05 02:24:45'),
(609730, 'Philips Walita RI2086 2 Litros', 3669, 2, 258.00, '', 'http://thumbs.buscape.com.br/liquidificador/philips-walita-ri2086-2-litros_200x200-PU94dc2_1.jpg', '2015-12-05 02:24:46', '2015-12-05 02:24:46'),
(609852, 'Microsoft Xbox 360 Slim 500 GB', 6058, 40, 1124.00, '', 'http://thumbs.buscape.com.br/console-de-videogame/microsoft-xbox-360-slim-500-gb_200x200-PU94e3c_1.jpg', '2015-12-05 02:24:52', '2015-12-05 02:24:52'),
(610204, 'Electrolux Easyline SIB20', 3852, 52, 59.90, '', 'http://thumbs.buscape.com.br/ferro-de-passar-roupas/electrolux-easyline-sib20_200x200-PU94f9c_1.jpg', '2015-12-05 02:24:50', '2015-12-05 02:24:50'),
(610209, 'Electrolux Easyline SIB40', 3852, 52, 74.80, '', 'http://thumbs.buscape.com.br/ferro-de-passar-roupas/electrolux-easyline-sib40_200x200-PU94fa1_1.jpg', '2015-12-05 02:24:50', '2015-12-05 02:24:50'),
(610217, 'Electrolux Precision Line Sin10', 3852, 52, 267.95, '', 'http://thumbs.buscape.com.br/ferro-de-passar-roupas/electrolux-precision-line-sin10_200x200-PU94fa9_1.jpg', '2015-12-05 02:24:50', '2015-12-05 02:24:50'),
(610232, 'Arno Faciclic LN37 1,25 Litros', 3669, 55, 87.30, '', 'http://thumbs.buscape.com.br/liquidificador/arno-faciclic-ln37-1-25-litros_200x200-PU94fb8_1.jpg', '2015-12-05 02:24:45', '2015-12-05 02:24:45'),
(610279, 'Cadence Pure Vità Elegant BEB101', 6477, 59, 343.45, '', 'http://thumbs.buscape.com.br/bebedouro/cadence-pure-vita-elegant-beb101_200x200-PU94fe7_1.jpg', '2015-12-05 02:24:56', '2015-12-05 02:24:56'),
(610612, 'LG 15U530 Intel Core i5-4210U 1.7 GHz 4096 MB 500 GB', 6424, 3, 2171.03, '', 'http://thumbs.buscape.com.br/notebook/lg-15u530-intel-core-i5-4210u-1-7-ghz-4096-mb-500-gb_200x200-PU95134_1.jpg', '2015-12-05 02:24:54', '2015-12-05 02:24:54'),
(610740, 'Samsung Galaxy Tab E 7.0 SM-T116BU 3G 8 GB', 10232, 17, 621.05, '', 'http://thumbs.buscape.com.br/tablet/samsung-galaxy-tab-e-7-0-sm-t116bu-3g-8-gb_200x200-PU951b4_1.jpg', '2015-12-05 02:25:17', '2015-12-05 02:25:17'),
(610741, 'Samsung Galaxy Tab E 7.0 SM-T113NU Wi-Fi 8 GB', 10232, 17, 512.82, '', 'http://thumbs.buscape.com.br/tablet/samsung-galaxy-tab-e-7-0-sm-t113nu-wi-fi-8-gb_200x200-PU951b5_1.jpg', '2015-12-05 02:25:17', '2015-12-05 02:25:17'),
(610871, 'Samsung ATIV Book 3 NP370E4K Intel Core i3-5005U 2.0 GHz 4096 MB 1024 GB', 6424, 17, 1659.01, '', 'http://thumbs.buscape.com.br/notebook/samsung-ativ-book-3-np370e4k-intel-core-i3-5005u-2-0-ghz-4096-mb-1024-gb_200x200-PU95237_1.jpg', '2015-12-05 02:24:54', '2015-12-05 02:24:54'),
(610872, 'Samsung ATIV Book 3 NP370E4K Intel Celeron 3205U 1.5 GHz 4096 MB 500 GB', 6424, 17, 1322.55, '', 'http://thumbs.buscape.com.br/notebook/samsung-ativ-book-3-np370e4k-intel-celeron-3205u-1-5-ghz-4096-mb-500-gb_200x200-PU95238_1.jpg', '2015-12-05 02:24:54', '2015-12-05 02:24:54'),
(611099, 'Electrolux Ergo Air Speed STK01 200 W', 119, 52, 154.90, '', 'http://thumbs.buscape.com.br/aspirador-de-po-agua/electrolux-ergo-air-speed-stk01-200-w_200x200-PU9531b_1.jpg', '2015-12-05 02:24:16', '2015-12-05 02:24:16'),
(611107, 'Samsung Série 5 UN40J5500AG LED Plana 40 polegadas', 2852, 17, 1991.09, '', 'http://thumbs.buscape.com.br/tv/samsung-serie-5-un40j5500ag-led-plana-40-polegadas_200x200-PU95323_1.jpg', '2015-12-05 02:24:39', '2015-12-05 02:24:39'),
(611125, 'Multifuncional Epson L365 Jato de Tinta', 3606, 50, 899.00, '', 'http://thumbs.buscape.com.br/impressora/multifuncional-epson-l365-jato-de-tinta_200x200-PU95335_1.jpg', '2015-12-05 02:24:43', '2015-12-05 02:24:43'),
(611156, 'Dell Inspiron 13 Série 7000 2 em 1 Intel Core i5-5200U 2.2 GHz 4096 MB 500 GB', 6424, 37, 3016.39, '', 'http://thumbs.buscape.com.br/notebook/dell-inspiron-13-serie-7000-2-em-1-intel-core-i5-5200u-2-2-ghz-4096-mb-500-gb_200x200-PU95354_1.jpg', '2015-12-05 02:24:54', '2015-12-05 02:24:54'),
(611263, 'Philco PH42M30DSGW LED Plana 42 polegadas', 2852, 5, 1354.50, '', 'http://thumbs.buscape.com.br/tv/philco-ph42m30dsgw-led-plana-42-polegadas_200x200-PU953bf_1.jpg', '2015-12-05 02:24:39', '2015-12-05 02:24:39'),
(611266, 'Samsung Série 6 UN40J6400AG LED Plana 40 polegadas', 2852, 17, 1792.80, '', 'http://thumbs.buscape.com.br/tv/samsung-serie-6-un40j6400ag-led-plana-40-polegadas_200x200-PU953c2_1.jpg', '2015-12-05 02:24:39', '2015-12-05 02:24:39'),
(611406, 'Panasonic Viera TC-40C400B LED Plana 40 polegadas', 2852, 18, 1549.00, '', 'http://thumbs.buscape.com.br/tv/panasonic-viera-tc-40c400b-led-plana-40-polegadas_200x200-PU9544e_1.jpg', '2015-12-05 02:24:39', '2015-12-05 02:24:39'),
(611510, 'Samsung ATIV Book 3 NP370E4K Intel Core i5-5200U 2.2 GHz 8192 MB 1024 GB', 6424, 17, 2291.57, '', 'http://thumbs.buscape.com.br/notebook/samsung-ativ-book-3-np370e4k-intel-core-i5-5200u-2-2-ghz-8192-mb-1024-gb_200x200-PU954b6_1.jpg', '2015-12-05 02:24:54', '2015-12-05 02:24:54'),
(611655, 'Samsung Série 4 UN32J4300AG LED Plana 32 polegadas', 2852, 17, 1199.00, '', 'http://thumbs.buscape.com.br/tv/samsung-serie-4-un32j4300ag-led-plana-32-polegadas_200x200-PU95547_1.jpg', '2015-12-05 02:24:39', '2015-12-05 02:24:39'),
(611660, 'Samsung Série 5 UN48J5500AG LED Plana 48 polegadas', 2852, 17, 2525.33, '', 'http://thumbs.buscape.com.br/tv/samsung-serie-5-un48j5500ag-led-plana-48-polegadas_200x200-PU9554c_1.jpg', '2015-12-05 02:24:39', '2015-12-05 02:24:39'),
(611716, 'Samsung Série 6 UN48J6500AG LED Curva 48 polegadas', 2852, 17, 2726.59, '', 'http://thumbs.buscape.com.br/tv/samsung-serie-6-un48j6500ag-led-curva-48-polegadas_200x200-PU95584_1.jpg', '2015-12-05 02:24:39', '2015-12-05 02:24:39'),
(611834, 'Samsung Série 6 UN48JU6500 LED Plana 48 polegadas', 2852, 17, 3199.00, '', 'http://thumbs.buscape.com.br/tv/samsung-serie-6-un48ju6500-led-plana-48-polegadas_200x200-PU955fa_1.jpg', '2015-12-05 02:24:39', '2015-12-05 02:24:39'),
(611966, 'Frigobar Electrolux RV80 79 Litros Preto', 6504, 114, 1803.00, '', 'http://thumbs.buscape.com.br/frigobar/frigobar-electrolux-rv80-79-litros-preto_200x200-PU9567e_1.jpg', '2015-12-05 02:24:57', '2015-12-05 02:24:57'),
(611972, 'Frigobar Philco PH50L 47 Litros Branco', 6504, 114, 558.91, '', 'http://thumbs.buscape.com.br/frigobar/frigobar-philco-ph50l-47-litros-branco_200x200-PU95684_1.jpg', '2015-12-05 02:24:57', '2015-12-05 02:24:57'),
(611973, 'Frigobar Electrolux RE82 80 Litros Branco', 6504, 114, 795.10, '', 'http://thumbs.buscape.com.br/frigobar/frigobar-electrolux-re82-80-litros-branco_200x200-PU95685_1.jpg', '2015-12-05 02:24:57', '2015-12-05 02:24:57'),
(611977, 'Philco PH12S De Piso', 129, 5, 1693.49, '', 'http://thumbs.buscape.com.br/lava-loucas/philco-ph12s-de-piso_200x200-PU95689_1.jpg', '2015-12-05 02:24:23', '2015-12-05 02:24:23'),
(611978, 'Consul CLC06AB de Mesa', 129, 67, 1274.71, '', 'http://thumbs.buscape.com.br/lava-loucas/consul-clc06ab-de-mesa_200x200-PU9568a_1.jpg', '2015-12-05 02:24:23', '2015-12-05 02:24:23'),
(612012, 'LG G4 H818P Desbloqueado', 77, 3, 2429.06, '', 'http://thumbs.buscape.com.br/celular-e-smartphone/smartphone-lg-g4-h818p-desbloqueado_200x200-PU956ac_1.jpg', '2015-12-05 02:24:11', '2015-12-05 02:24:11'),
(612038, 'Samsung Série 6 UN48J6300AG LED Plana 48 polegadas', 2852, 17, 2459.98, '', 'http://thumbs.buscape.com.br/tv/samsung-serie-6-un48j6300ag-led-plana-48-polegadas_200x200-PU956c6_1.jpg', '2015-12-05 02:24:39', '2015-12-05 02:24:39'),
(612040, 'Samsung Série 6 UN65JU6500G LED Plana 65 polegadas', 2852, 17, 7684.05, '', 'http://thumbs.buscape.com.br/tv/samsung-serie-6-un65ju6500g-led-plana-65-polegadas_200x200-PU956c8_1.jpg', '2015-12-05 02:24:39', '2015-12-05 02:24:39'),
(612045, 'Samsung Série 6 UN48JU6700G LED Curva 48 polegadas', 2852, 17, 3757.65, '', 'http://thumbs.buscape.com.br/tv/samsung-serie-6-un48ju6700g-led-curva-48-polegadas_200x200-PU956cd_1.jpg', '2015-12-05 02:24:39', '2015-12-05 02:24:39'),
(612051, 'AOC LE43D1452 LED Plana 43 polegadas', 2852, 19, 1265.16, '', 'http://thumbs.buscape.com.br/tv/aoc-le43d1452-led-plana-43-polegadas_200x200-PU956d3_1.jpg', '2015-12-05 02:24:39', '2015-12-05 02:24:39'),
(612088, 'Samsung Série 6 UN40J6500AG LED Curva 40 polegadas', 2852, 17, 1977.84, '', 'http://thumbs.buscape.com.br/tv/samsung-serie-6-un40j6500ag-led-curva-40-polegadas_200x200-PU956f8_1.jpg', '2015-12-05 02:24:39', '2015-12-05 02:24:39'),
(612095, 'LG All in One 27V750 Intel Core i5-5200U 2.2 GHz 4096 MB 1024 GB', 22, 3, 3799.00, '', 'http://thumbs.buscape.com.br/pc/lg-all-in-one-27v750-intel-core-i5-5200u-2-2-ghz-4096-mb-1024-gb_200x200-PU956ff_1.jpg', '2015-12-05 02:24:07', '2015-12-05 02:24:07'),
(612148, 'Samsung Série 6 UN40JU6500 LED Plana 40 polegadas', 2852, 17, 2496.53, '', 'http://thumbs.buscape.com.br/tv/samsung-serie-6-un40ju6500-led-plana-40-polegadas_200x200-PU95734_1.jpg', '2015-12-05 02:24:39', '2015-12-05 02:24:39'),
(612181, 'Lenovo G40-80 Intel Core i5-5200U 2.2 GHz 4096 MB 1024 GB', 6424, 35, 2355.54, '', 'http://thumbs.buscape.com.br/notebook/lenovo-g40-80-intel-core-i5-5200u-2-2-ghz-4096-mb-1024-gb_200x200-PU95755_1.jpg', '2015-12-05 02:24:54', '2015-12-05 02:24:54'),
(612228, 'Procalc PC-205K Mesa', 11, 11, 49.13, '', 'http://thumbs.buscape.com.br/calculadora/procalc-pc-205k-mesa_200x200-PU95784_1.jpg', '2015-12-05 02:24:06', '2015-12-05 02:24:06'),
(612229, 'Truly 831B-12 Mesa', 11, 13, 52.08, '', 'http://thumbs.buscape.com.br/calculadora/truly-831b-12-mesa_200x200-PU95785_1.jpg', '2015-12-05 02:24:06', '2015-12-05 02:24:06'),
(612230, 'Truly 833-12 Mesa', 11, 13, 41.45, '', 'http://thumbs.buscape.com.br/calculadora/truly-833-12-mesa_200x200-PU95786_1.jpg', '2015-12-05 02:24:06', '2015-12-05 02:24:06'),
(612231, 'Procalc PC267 Mesa', 11, 11, 49.39, '', 'http://thumbs.buscape.com.br/calculadora/procalc-pc267-mesa_200x200-PU95787_1.jpg', '2015-12-05 02:24:06', '2015-12-05 02:24:06'),
(612232, 'Truly SC182B Científica', 11, 13, 51.99, '', 'http://thumbs.buscape.com.br/calculadora/truly-sc182b-cientifica_200x200-PU95788_1.jpg', '2015-12-05 02:24:06', '2015-12-05 02:24:06'),
(612234, 'Zeta ZT-392 Mesa', 11, 16, 29.69, '', 'http://thumbs.buscape.com.br/calculadora/zeta-zt-392-mesa_200x200-PU9578a_1.jpg', '2015-12-05 02:24:06', '2015-12-05 02:24:06'),
(612312, 'Samsung Galaxy Tab A SM-P550 Wi-Fi 16 GB', 10232, 17, 1321.04, '', 'http://thumbs.buscape.com.br/tablet/samsung-galaxy-tab-a-sm-p550-wi-fi-16-gb_200x200-PU957d8_1.jpg', '2015-12-05 02:25:17', '2015-12-05 02:25:17'),
(612336, 'Multifuncional Epson EcoTank L565 Jato de Tinta', 3606, 50, 1604.41, '', 'http://thumbs.buscape.com.br/impressora/multifuncional-epson-ecotank-l565-jato-de-tinta_200x200-PU957f0_1.jpg', '2015-12-05 02:24:43', '2015-12-05 02:24:43'),
(612353, 'Samsung Galaxy Tab A SM-P355 4G 16 GB', 10232, 17, 1176.87, '', 'http://thumbs.buscape.com.br/tablet/samsung-galaxy-tab-a-sm-p355-4g-16-gb_200x200-PU95801_1.jpg', '2015-12-05 02:25:17', '2015-12-05 02:25:17'),
(612369, 'Sony Xperia M4 Aqua E2363 Desbloqueado', 77, 4, 1378.98, '', 'http://thumbs.buscape.com.br/celular-e-smartphone/smartphone-sony-xperia-m4-aqua-e2363-desbloqueado_200x200-PU95811_1.jpg', '2015-12-05 02:24:11', '2015-12-05 02:24:11'),
(612409, 'Nespresso Lattissima Touch Glam F511 Expresso', 121, 61, 864.02, '', 'http://thumbs.buscape.com.br/cafeteira/nespresso-lattissima-touch-glam-f511-expresso_200x200-PU95839_1.jpg', '2015-12-05 02:24:18', '2015-12-05 02:24:18'),
(612419, 'Dell Inspiron 14 Série 5000 Intel Core i5-5200U 2.2 GHz 4096 MB 1024 GB', 6424, 37, 2454.07, '', 'http://thumbs.buscape.com.br/notebook/dell-inspiron-14-serie-5000-intel-core-i5-5200u-2-2-ghz-4096-mb-1024-gb_200x200-PU95843_1.jpg', '2015-12-05 02:24:54', '2015-12-05 02:24:54'),
(612462, 'Electrolux Blue Touch MB41G Branco', 126, 52, 578.67, '', 'http://thumbs.buscape.com.br/microondas/electrolux-blue-touch-mb41g-branco_200x200-PU9586e_1.jpg', '2015-12-05 02:24:20', '2015-12-05 02:24:20'),
(612670, 'Philips Série 6300 40PUG6300 LED Plana 40 polegadas', 2852, 2, 1868.24, '', 'http://thumbs.buscape.com.br/tv/philips-serie-6300-40pug6300-led-plana-40-polegadas_200x200-PU9593e_1.jpg', '2015-12-05 02:24:39', '2015-12-05 02:24:39'),
(612755, 'Samsung Chromebook XE500C12 Intel Celeron N2840 2.16 GHz 2048 MB 16 GB', 6424, 17, 987.00, '', 'http://thumbs.buscape.com.br/notebook/samsung-chromebook-xe500c12-intel-celeron-n2840-2-16-ghz-2048-mb-16-gb_200x200-PU95993_1.jpg', '2015-12-05 02:24:54', '2015-12-05 02:24:54'),
(612914, 'Arno Ultragliss 44', 3852, 55, 146.16, '', 'http://thumbs.buscape.com.br/ferro-de-passar-roupas/arno-ultragliss-44_200x200-PU95a32_1.jpg', '2015-12-05 02:24:50', '2015-12-05 02:24:50'),
(612915, 'Arno Ultragliss 54', 3852, 55, 160.12, '', 'http://thumbs.buscape.com.br/ferro-de-passar-roupas/arno-ultragliss-54_200x200-PU95a33_1.jpg', '2015-12-05 02:24:50', '2015-12-05 02:24:50'),
(612920, 'Arno Access 19', 3852, 55, 84.11, '', 'http://thumbs.buscape.com.br/ferro-de-passar-roupas/arno-access-19_200x200-PU95a38_1.jpg', '2015-12-05 02:24:50', '2015-12-05 02:24:50'),
(612930, 'Arno Ultragliss 41', 3852, 55, 125.48, '', 'http://thumbs.buscape.com.br/ferro-de-passar-roupas/arno-ultragliss-41_200x200-PU95a42_1.jpg', '2015-12-05 02:24:50', '2015-12-05 02:24:50'),
(613313, 'Electrolux EasyPower BEB11 2,5 Litros', 3669, 52, 160.99, '', 'http://thumbs.buscape.com.br/liquidificador/electrolux-easypower-beb11-2-5-litros_200x200-PU95bc1_1.jpg', '2015-12-05 02:24:46', '2015-12-05 02:24:46'),
(613314, 'Philips Walita RI2087 2 Litros', 3669, 2, 187.56, '', 'http://thumbs.buscape.com.br/liquidificador/philips-walita-ri2087-2-litros_200x200-PU95bc2_1.jpg', '2015-12-05 02:24:46', '2015-12-05 02:24:46'),
(613347, 'Motorola Moto G 3ª Geração HDTV XT1544 16GB Desbloqueado', 77, 179, 976.55, '', 'http://thumbs.buscape.com.br/celular-e-smartphone/smartphone-motorola-moto-g-3-geracao-hdtv-xt1544-16gb-desbloqueado_200x200-PU95be3_1.jpg', '2015-12-05 02:24:12', '2015-12-05 02:24:12'),
(613359, 'Motorola Moto X Style Desbloqueado', 77, 179, 2198.70, '', 'http://thumbs.buscape.com.br/celular-e-smartphone/smartphone-motorola-moto-x-style-desbloqueado_200x200-PU95bef_1.jpg', '2015-12-05 02:24:12', '2015-12-05 02:24:12'),
(613576, 'Electrolux Easypower BEB10 2,5 Litros', 3669, 52, 150.59, '', 'http://thumbs.buscape.com.br/liquidificador/electrolux-easypower-beb10-2-5-litros_200x200-PU95cc8_1.jpg', '2015-12-05 02:24:46', '2015-12-05 02:24:46'),
(613898, 'Electrolux LI10X De Piso', 129, 52, 2509.36, '', 'http://thumbs.buscape.com.br/lava-loucas/electrolux-li10x-de-piso_200x200-PU95e0a_1.jpg', '2015-12-05 02:24:23', '2015-12-05 02:24:23'),
(614028, 'Gears of War Ultimate Edition Xbox One Blu-Ray', 6409, 174, 98.42, '', 'http://thumbs.buscape.com.br/jogos/gears-of-war-ultimate-edition-xbox-one-blu-ray_200x200-PU95e8c_1.jpg', '2015-12-05 02:24:53', '2015-12-05 02:24:53'),
(614414, 'Electrolux LE08B De Piso', 129, 52, 1631.60, '', 'http://thumbs.buscape.com.br/lava-loucas/electrolux-le08b-de-piso_200x200-PU9600e_1.jpg', '2015-12-05 02:24:23', '2015-12-05 02:24:23'),
(614419, 'Electrolux LI14B De Piso', 129, 52, 2609.10, '', 'http://thumbs.buscape.com.br/lava-loucas/electrolux-li14b-de-piso_200x200-PU96013_1.jpg', '2015-12-05 02:24:23', '2015-12-05 02:24:23'),
(614435, 'Electrolux LI10B De Piso', 129, 52, 2178.89, '', 'http://thumbs.buscape.com.br/lava-loucas/electrolux-li10b-de-piso_200x200-PU96023_1.jpg', '2015-12-05 02:24:22', '2015-12-05 02:24:22'),
(614441, 'Cadence SCA100 8 Kg', 127, 59, 319.43, '', 'http://thumbs.buscape.com.br/secadora-de-roupas/cadence-sca100-8-kg_200x200-PU96029_1.jpg', '2015-12-05 02:24:22', '2015-12-05 02:24:22'),
(614488, 'Electrolux ACS34 34 Garrafas', 6507, 52, 1858.51, '', 'http://thumbs.buscape.com.br/adega-climatizada/electrolux-acs34-34-garrafas_200x200-PU96058_1.jpg', '2015-12-05 02:24:58', '2015-12-05 02:24:58'),
(614489, 'Electrolux ACD29 29 Garrafas', 6507, 52, 2412.01, '', 'http://thumbs.buscape.com.br/adega-climatizada/electrolux-acd29-29-garrafas_200x200-PU96059_1.jpg', '2015-12-05 02:24:58', '2015-12-05 02:24:58'),
(614591, 'Samsung Galaxy J5 SM-J500M Desbloqueado', 77, 17, 984.29, '', 'http://thumbs.buscape.com.br/celular-e-smartphone/smartphone-samsung-galaxy-j5-sm-j500m-desbloqueado_200x200-PU960bf_1.jpg', '2015-12-05 02:24:11', '2015-12-05 02:24:11'),
(614601, 'Ello Master Fry', 150, 79, 399.10, '', 'http://thumbs.buscape.com.br/fritadeira/ello-master-fry_200x200-PU960c9_1.jpg', '2015-12-05 02:24:30', '2015-12-05 02:24:30'),
(614603, 'Ello Master Fry EAF501', 150, 79, 541.40, '', 'http://thumbs.buscape.com.br/fritadeira/ello-master-fry-eaf501_200x200-PU960cb_1.jpg', '2015-12-05 02:24:30', '2015-12-05 02:24:30'),
(614605, 'Mallory Digital Air Fryer B97200', 150, 77, 423.50, '', 'http://thumbs.buscape.com.br/fritadeira/mallory-digital-air-fryer-b97200_200x200-PU960cd_1.jpg', '2015-12-05 02:24:30', '2015-12-05 02:24:30'),
(614609, 'Philco Air Fry Digital Inox', 150, 5, 512.10, '', 'http://thumbs.buscape.com.br/fritadeira/philco-air-fry-digital-inox_200x200-PU960d1_1.jpg', '2015-12-05 02:24:30', '2015-12-05 02:24:30'),
(614611, 'Mondial Pratic Cook PE-26 Pressão 3L', 147, 8, 169.94, '', 'http://thumbs.buscape.com.br/panela-eletrica/mondial-pratic-cook-pe-26-pressao-3l_200x200-PU960d3_1.jpg', '2015-12-05 02:24:28', '2015-12-05 02:24:28'),
(614615, 'Cadence SmartCooker PAN750 Multifuncional', 147, 59, 236.84, '', 'http://thumbs.buscape.com.br/panela-eletrica/cadence-smartcooker-pan750-multifuncional_200x200-PU960d7_1.jpg', '2015-12-05 02:24:28', '2015-12-05 02:24:28'),
(614617, 'Cadence Gran Chef PAN700 Multifuncional', 147, 59, 218.82, '', 'http://thumbs.buscape.com.br/panela-eletrica/cadence-gran-chef-pan700-multifuncional_200x200-PU960d9_1.jpg', '2015-12-05 02:24:28', '2015-12-05 02:24:28'),
(614620, 'Cadence PAN208 Multifuncional', 147, 59, 88.61, '', 'http://thumbs.buscape.com.br/panela-eletrica/cadence-pan208-multifuncional_200x200-PU960dc_1.jpg', '2015-12-05 02:24:28', '2015-12-05 02:24:28'),
(614640, 'Samsung AR18JSSPSGM Split High Wall 18000 BTUs Quente/Frio', 3661, 17, 2535.41, '', 'http://thumbs.buscape.com.br/ar-condicionado/samsung-ar18jsspsgm-split-high-wall-18000-btus-quente-frio_200x200-PU960f0_1.jpg', '2015-12-05 02:24:44', '2015-12-05 02:24:44'),
(614649, 'Electrolux RCB10 Arroz', 147, 52, 129.75, '', 'http://thumbs.buscape.com.br/panela-eletrica/electrolux-rcb10-arroz_200x200-PU960f9_1.jpg', '2015-12-05 02:24:28', '2015-12-05 02:24:28'),
(614721, 'Cadence Colors', 151, 59, 78.58, '', 'http://thumbs.buscape.com.br/torradeira/cadence-colors_200x200-PU96141_1.jpg', '2015-12-05 02:24:31', '2015-12-05 02:24:31'),
(614783, 'Oster Bioceramic 7029 Multiuso', 147, 62, 226.53, '', 'http://thumbs.buscape.com.br/panela-eletrica/oster-bioceramic-7029-multiuso_200x200-PU9617f_1.jpg', '2015-12-05 02:24:28', '2015-12-05 02:24:28'),
(614793, 'Samsung Galaxy Note 5 SM-N920 32GB Desbloqueado', 77, 17, 3307.06, '', 'http://thumbs.buscape.com.br/celular-e-smartphone/smartphone-samsung-galaxy-note-5-sm-n920-32gb-desbloqueado_200x200-PU96189_1.jpg', '2015-12-05 02:24:12', '2015-12-05 02:24:12'),
(614805, 'Cuisinart CPT415', 151, 60, 477.00, '', 'http://thumbs.buscape.com.br/torradeira/cuisinart-cpt415_200x200-PU96195_1.jpg', '2015-12-05 02:24:31', '2015-12-05 02:24:31'),
(614810, 'Mondial Smart Hot CE-02', 10039, 8, 75.34, '', 'http://thumbs.buscape.com.br/chaleira-eletrica/mondial-smart-hot-ce-02_200x200-PU9619a_1.jpg', '2015-12-05 02:25:13', '2015-12-05 02:25:13'),
(614862, 'Cadence Gourmet FOR451 de Mesa', 145, 59, 424.94, '', 'http://thumbs.buscape.com.br/forno-eletrico/cadence-gourmet-for451-de-mesa_200x200-PU961ce_1.jpg', '2015-12-05 02:24:27', '2015-12-05 02:24:27'),
(614878, 'Electrolux OG8MX 73 Litros Inox', 9544, 52, 2209.29, '', 'http://thumbs.buscape.com.br/forno-a-gas/electrolux-og8mx-73-litros-inox_200x200-PU961de_1.jpg', '2015-12-05 02:25:04', '2015-12-05 02:25:04'),
(614880, 'Electrolux OG8DX 73 Litros Inox', 9544, 52, 3867.00, '', 'http://thumbs.buscape.com.br/forno-a-gas/electrolux-og8dx-73-litros-inox_200x200-PU961e0_1.jpg', '2015-12-05 02:25:04', '2015-12-05 02:25:04'),
(615012, 'KitchenAid KXC03', 10039, 80, 814.00, '', 'http://thumbs.buscape.com.br/chaleira-eletrica/kitchenaid-kxc03_200x200-PU96264_1.jpg', '2015-12-05 02:25:13', '2015-12-05 02:25:13'),
(615014, 'Cadence Acqua Thermo CEL700', 10039, 59, 134.03, '', 'http://thumbs.buscape.com.br/chaleira-eletrica/cadence-acqua-thermo-cel700_200x200-PU96266_1.jpg', '2015-12-05 02:25:13', '2015-12-05 02:25:13'),
(615015, 'Cadence CEL360', 10039, 59, 85.97, '', 'http://thumbs.buscape.com.br/chaleira-eletrica/cadence-cel360_200x200-PU96267_1.jpg', '2015-12-05 02:25:13', '2015-12-05 02:25:13'),
(615016, 'Philco PH327 Horizontal Branco', 131, 5, 1853.66, '', 'http://thumbs.buscape.com.br/freezer/philco-ph327-horizontal-branco_200x200-PU96268_1.jpg', '2015-12-05 02:24:24', '2015-12-05 02:24:24'),
(615018, 'Suggar Giromax CT102 12 Kg', 127, 64, 321.20, '', 'http://thumbs.buscape.com.br/secadora-de-roupas/suggar-giromax-ct102-12-kg_200x200-PU9626a_1.jpg', '2015-12-05 02:24:22', '2015-12-05 02:24:22'),
(615021, 'Mueller Super 5,5 Kg', 127, 68, 455.55, '', 'http://thumbs.buscape.com.br/secadora-de-roupas/mueller-super-5-5-kg_200x200-PU9626d_1.jpg', '2015-12-05 02:24:22', '2015-12-05 02:24:22'),
(615027, 'Cadence Especial Classic Edition BAT278', 120, 59, 106.14, '', 'http://thumbs.buscape.com.br/batedeira/cadence-especial-classic-edition-bat278_200x200-PU96273_1.jpg', '2015-12-05 02:24:18', '2015-12-05 02:24:18'),
(615032, 'Philips Walita DailyTouch RI504', 9798, 2, 404.91, '', 'http://thumbs.buscape.com.br/passadeira-a-vapor/philips-walita-dailytouch-ri504_200x200-PU96278_1.jpg', '2015-12-05 02:25:08', '2015-12-05 02:25:08'),
(615033, 'Philips Walita DailyTouch RI502', 9798, 2, 413.62, '', 'http://thumbs.buscape.com.br/passadeira-a-vapor/philips-walita-dailytouch-ri502_200x200-PU96279_1.jpg', '2015-12-05 02:25:07', '2015-12-05 02:25:07'),
(615034, 'SteamMax SM-320', 9798, 100, 197.10, '', 'http://thumbs.buscape.com.br/passadeira-a-vapor/steammax-sm-320_200x200-PU9627a_1.jpg', '2015-12-05 02:25:08', '2015-12-05 02:25:08'),
(615038, 'Cadence Pure Vitá Plus BEB201', 6477, 59, 489.50, '', 'http://thumbs.buscape.com.br/bebedouro/cadence-pure-vita-plus-beb201_200x200-PU9627e_1.jpg', '2015-12-05 02:24:56', '2015-12-05 02:24:56'),
(615039, 'Cadence Acqua Plus BEB200', 6477, 59, 642.60, '', 'http://thumbs.buscape.com.br/bebedouro/cadence-acqua-plus-beb200_200x200-PU9627f_1.jpg', '2015-12-05 02:24:56', '2015-12-05 02:24:56'),
(615241, 'Samsung Galaxy J7 SM-J700M Desbloqueado', 77, 17, 1221.80, '', 'http://thumbs.buscape.com.br/celular-e-smartphone/smartphone-samsung-galaxy-j7-sm-j700m-desbloqueado_200x200-PU96349_1.jpg', '2015-12-05 02:24:11', '2015-12-05 02:24:11'),
(615541, 'Consul CLC06AS de Mesa', 129, 67, 1239.95, '', 'http://thumbs.buscape.com.br/lava-loucas/consul-clc06as-de-mesa_200x200-PU96475_1.jpg', '2015-12-05 02:24:23', '2015-12-05 02:24:23'),
(615613, 'Electrolux Easysence JPE11', 123, 52, 102.56, '', 'http://thumbs.buscape.com.br/espremedor-de-frutas/electrolux-easysence-jpe11_200x200-PU964bd_1.jpg', '2015-12-05 02:24:19', '2015-12-05 02:24:19'),
(615617, 'Mondial Citrus Juicer E-06', 123, 8, 115.53, '', 'http://thumbs.buscape.com.br/espremedor-de-frutas/mondial-citrus-juicer-e-06_200x200-PU964c1_1.jpg', '2015-12-05 02:24:19', '2015-12-05 02:24:19'),
(615620, 'Philco Citrus Turbo', 123, 5, 117.67, '', 'http://thumbs.buscape.com.br/espremedor-de-frutas/philco-citrus-turbo_200x200-PU964c4_1.jpg', '2015-12-05 02:24:19', '2015-12-05 02:24:19'),
(615621, 'Black & Decker CJ Inox', 123, 53, 152.36, '', 'http://thumbs.buscape.com.br/espremedor-de-frutas/black-decker-cj-inox_200x200-PU964c5_1.jpg', '2015-12-05 02:24:19', '2015-12-05 02:24:19'),
(615625, 'Sanduicheira Mallory Disney Mickey', 157, 86, 70.31, '', 'http://thumbs.buscape.com.br/grill-eletrico-sanduicheira/sanduicheira-mallory-disney-mickey_200x200-PU964c9_1.jpg', '2015-12-05 02:24:32', '2015-12-05 02:24:32'),
(615626, 'LG PV150G', 37, 3, 2075.06, '', 'http://thumbs.buscape.com.br/projetor-multimidia/lg-pv150g_200x200-PU964ca_1.jpg', '2015-12-05 02:24:10', '2015-12-05 02:24:10'),
(615685, 'Mondial Black Classic V-37-6P 30cm 6 Pás Mesa', 3662, 8, 90.53, '', 'http://thumbs.buscape.com.br/ventilador-circulador/mondial-black-classic-v-37-6p-30cm-6-pas-mesa_200x200-PU96505_1.jpg', '2015-12-05 02:24:45', '2015-12-05 02:24:45'),
(615905, 'Consul Bem Estar CPB36AB', 9863, 67, 895.51, '', 'http://thumbs.buscape.com.br/purificador-de-agua/consul-bem-estar-cpb36ab_200x200-PU965e1_1.jpg', '2015-12-05 02:25:11', '2015-12-05 02:25:11'),
(615907, 'Polar Cristallo WP200', 9863, 113, 138.22, '', 'http://thumbs.buscape.com.br/purificador-de-agua/polar-cristallo-wp200_200x200-PU965e3_1.jpg', '2015-12-05 02:25:11', '2015-12-05 02:25:11'),
(615908, 'IBBL Immaginare', 9863, 109, 552.65, '', 'http://thumbs.buscape.com.br/purificador-de-agua/ibbl-immaginare_200x200-PU965e4_1.jpg', '2015-12-05 02:25:11', '2015-12-05 02:25:11'),
(615955, 'Arno Silence Force VF40 6 Pás Mesa', 3662, 55, 175.82, '', 'http://thumbs.buscape.com.br/ventilador-circulador/arno-silence-force-vf40-6-pas-mesa_200x200-PU96613_1.jpg', '2015-12-05 02:24:44', '2015-12-05 02:24:44'),
(615957, 'Arno Silence Force VF30 6 Pás Mesa', 3662, 55, 129.19, '', 'http://thumbs.buscape.com.br/ventilador-circulador/arno-silence-force-vf30-6-pas-mesa_200x200-PU96615_1.jpg', '2015-12-05 02:24:44', '2015-12-05 02:24:44'),
(615965, 'Arno Turbo Silêncio Maxx Repelente TS55 6 Pás Mesa', 3662, 55, 174.12, '', 'http://thumbs.buscape.com.br/ventilador-circulador/arno-turbo-silencio-maxx-repelente-ts55-6-pas-mesa_200x200-PU9661d_1.jpg', '2015-12-05 02:24:45', '2015-12-05 02:24:45'),
(616000, 'Cadence Breeze CLI506', 8958, 59, 331.93, '', 'http://thumbs.buscape.com.br/climatizador/cadence-breeze-cli506_200x200-PU96640_1.jpg', '2015-12-05 02:25:03', '2015-12-05 02:25:03'),
(616001, 'Samsung Galaxy S5 New Edition SM-G903M Desbloqueado', 77, 17, 1584.05, '', 'http://thumbs.buscape.com.br/celular-e-smartphone/smartphone-samsung-galaxy-s5-new-edition-sm-g903m-desbloqueado_200x200-PU96641_1.jpg', '2015-12-05 02:24:11', '2015-12-05 02:24:11'),
(616007, 'Asus Zenfone Go 16GB Desbloqueado', 77, 181, 766.08, '', 'http://thumbs.buscape.com.br/celular-e-smartphone/smartphone-asus-zenfone-go-16gb-desbloqueado_200x200-PU96647_1.jpg', '2015-12-05 02:24:11', '2015-12-05 02:24:11'),
(616087, 'Multifuncional HP DeskJet Ink Advantage Ultra 4729 Jato de Tinta', 3606, 50, 842.45, '', 'http://thumbs.buscape.com.br/impressora/multifuncional-hp-deskjet-ink-advantage-ultra-4729-jato-de-tinta_200x200-PU96697_1.jpg', '2015-12-05 02:24:43', '2015-12-05 02:24:43'),
(616556, 'Electrolux CL08R', 8958, 52, 678.00, '', 'http://thumbs.buscape.com.br/climatizador/electrolux-cl08r_200x200-PU9686c_1.jpg', '2015-12-05 02:25:03', '2015-12-05 02:25:03'),
(616563, 'Honeywell Thermo Cool CS12AE', 8958, 125, 972.91, '', 'http://thumbs.buscape.com.br/climatizador/honeywell-thermo-cool-cs12ae_200x200-PU96873_1.jpg', '2015-12-05 02:25:03', '2015-12-05 02:25:03'),
(616796, 'Midea AMAF', 8958, 105, 386.10, '', 'http://thumbs.buscape.com.br/climatizador/midea-amaf_200x200-PU9695c_1.jpg', '2015-12-05 02:25:03', '2015-12-05 02:25:03'),
(616948, 'Cadence Pop Mais POP201', 9797, 59, 77.90, '', '', '2015-12-05 02:25:07', '2015-12-05 02:25:07'),
(616949, 'Mondial Edição Especial Stadium PP-02', 9797, 8, 101.16, '', 'http://thumbs.buscape.com.br/pipoqueira/mondial-edicao-especial-stadium-pp-02_200x200-PU969f5_1.jpg', '2015-12-05 02:25:07', '2015-12-05 02:25:07'),
(616950, 'Liz Snap', 9797, 132, 59.90, '', 'http://thumbs.buscape.com.br/pipoqueira/liz-snap_200x200-PU969f6_1.jpg', '2015-12-05 02:25:07', '2015-12-05 02:25:07'),
(616952, 'Mallory Disney', 9797, 77, 124.94, '', 'http://thumbs.buscape.com.br/pipoqueira/mallory-disney_200x200-PU969f8_1.jpg', '2015-12-05 02:25:07', '2015-12-05 02:25:07'),
(616954, 'Oster Digital BVSTKT5970', 10039, 62, 249.19, '', 'http://thumbs.buscape.com.br/chaleira-eletrica/oster-digital-bvstkt5970_200x200-PU969fa_1.jpg', '2015-12-05 02:25:13', '2015-12-05 02:25:13'),
(616996, 'Tramontina Pan Express 69030', 8909, 71, 1349.10, '', 'http://thumbs.buscape.com.br/panificadora-domestica/tramontina-pan-express-69030_200x200-PU96a24_1.jpg', '2015-12-05 02:25:02', '2015-12-05 02:25:02'),
(616997, 'George Foreman Pagnifique', 8909, 76, 674.90, '', 'http://thumbs.buscape.com.br/panificadora-domestica/george-foreman-pagnifique_200x200-PU96a25_1.jpg', '2015-12-05 02:25:02', '2015-12-05 02:25:02'),
(616998, 'Tramontina Gelato Express 69170', 9800, 71, 2024.19, '', 'http://thumbs.buscape.com.br/maquina-de-sorvete/tramontina-gelato-express-69170_200x200-PU96a26_1.jpg', '2015-12-05 02:25:09', '2015-12-05 02:25:09'),
(616999, 'Fun Kitchen Yonanas', 9800, 72, 222.77, '', 'http://thumbs.buscape.com.br/maquina-de-sorvete/fun-kitchen-yonanas_200x200-PU96a27_1.jpg', '2015-12-05 02:25:09', '2015-12-05 02:25:09'),
(617001, 'Fixxar Easy Cream ELT 1001', 9800, 75, 158.66, '', 'http://thumbs.buscape.com.br/maquina-de-sorvete/fixxar-easy-cream-elt-1001_200x200-PU96a29_1.jpg', '2015-12-05 02:25:09', '2015-12-05 02:25:09'),
(617088, 'Samsung Galaxy On7 SM-G600 Desbloqueado', 77, 17, 765.25, '', 'http://thumbs.buscape.com.br/celular-e-smartphone/smartphone-samsung-galaxy-on7-sm-g600-desbloqueado_200x200-PU96a80_1.jpg', '2015-12-05 02:24:11', '2015-12-05 02:24:11'),
(617171, 'Multifuncional Epson Expression XP-231 Jato de Tinta', 3606, 50, 364.50, '', 'http://thumbs.buscape.com.br/impressora/multifuncional-epson-expression-xp-231-jato-de-tinta_200x200-PU96ad3_1.jpg', '2015-12-05 02:24:43', '2015-12-05 02:24:43'),
(617255, 'Cadence Naturelle IOG100', 10114, 59, 0.00, '', 'http://thumbs.buscape.com.br/iogurteira/cadence-naturelle-iog100_200x200-PU96b27_1.jpg', '2015-12-05 02:25:15', '2015-12-05 02:25:15'),
(617267, 'Cadence Windy VTR505 3 Pás Mesa', 3662, 59, 87.91, '', 'http://thumbs.buscape.com.br/ventilador-circulador/cadence-windy-vtr505-3-pas-mesa_200x200-PU96b33_1.jpg', '2015-12-05 02:24:45', '2015-12-05 02:24:45'),
(617739, 'Microsoft Xbox One Halo 5: Guardians 1024 GB', 6058, 40, 2327.55, '', 'http://thumbs.buscape.com.br/console-de-videogame/microsoft-xbox-one-halo-5-guardians-1024-gb_200x200-PU96d0b_1.jpg', '2015-12-05 02:24:52', '2015-12-05 02:24:52'),
(617742, 'Microsoft Xbox One Forza Motorsport 6 1024 GB', 6058, 40, 2282.41, '', 'http://thumbs.buscape.com.br/console-de-videogame/microsoft-xbox-one-forza-motorsport-6-1024-gb_200x200-PU96d0e_1.jpg', '2015-12-05 02:24:52', '2015-12-05 02:24:52');
INSERT INTO `products` (`id`, `name`, `subcategory_id`, `manufacturer_id`, `med_price`, `full_description`, `default_image`, `created_at`, `updated_at`) VALUES
(617744, 'Microsoft Xbox One 1024 GB', 6058, 40, 2399.90, '', 'http://thumbs.buscape.com.br/console-de-videogame/microsoft-xbox-one-1024-gb_200x200-PU96d10_1.jpg', '2015-12-05 02:24:52', '2015-12-05 02:24:52'),
(617780, 'Consul Facilite CPE12A1', 9863, 67, 176.41, '', 'http://thumbs.buscape.com.br/purificador-de-agua/consul-facilite-cpe12a1_200x200-PU96d34_1.jpg', '2015-12-05 02:25:11', '2015-12-05 02:25:11'),
(617802, 'Rise of the Tomb Raider Xbox One Blu-Ray', 6409, 175, 162.91, '', 'http://thumbs.buscape.com.br/jogos/rise-of-the-tomb-raider-xbox-one-blu-ray_200x200-PU96d4a_1.jpg', '2015-12-05 02:24:53', '2015-12-05 02:24:53'),
(617803, 'Rise of the Tomb Raider Xbox 360 DVD', 6409, 175, 150.66, '', 'http://thumbs.buscape.com.br/jogos/rise-of-the-tomb-raider-xbox-360-dvd_200x200-PU96d4b_1.jpg', '2015-12-05 02:24:53', '2015-12-05 02:24:53'),
(617808, 'Midea Liva WBA08 8 Garrafas', 6507, 105, 524.51, '', 'http://thumbs.buscape.com.br/adega-climatizada/midea-liva-wba08-8-garrafas_200x200-PU96d50_1.jpg', '2015-12-05 02:24:58', '2015-12-05 02:24:58'),
(617809, 'Midea Liva WBA12 12 Garrafas', 6507, 105, 549.89, '', 'http://thumbs.buscape.com.br/adega-climatizada/midea-liva-wba12-12-garrafas_200x200-PU96d51_1.jpg', '2015-12-05 02:24:58', '2015-12-05 02:24:58'),
(617817, 'Epson Powerlite W28+', 37, 39, 3714.45, '', 'http://thumbs.buscape.com.br/projetor-multimidia/epson-powerlite-w28_200x200-PU96d59_1.jpg', '2015-12-05 02:24:10', '2015-12-05 02:24:10'),
(617818, 'Epson PowerLite X29', 37, 39, 2499.00, '', 'http://thumbs.buscape.com.br/projetor-multimidia/epson-powerlite-x29_200x200-PU96d5a_1.jpg', '2015-12-05 02:24:10', '2015-12-05 02:24:10'),
(617831, 'Amazon Kindle Voyage', 10104, 20, 536.14, '', 'http://thumbs.buscape.com.br/leitor-de-e-book/amazon-kindle-voyage_200x200-PU96d67_1.jpg', '2015-12-05 02:25:13', '2015-12-05 02:25:13'),
(617904, 'NHL 16 Playstation 4 Blu-Ray', 6409, 171, 219.90, '', 'http://thumbs.buscape.com.br/jogos/nhl-16-playstation-4-blu-ray_200x200-PU96db0_1.jpg', '2015-12-05 02:24:53', '2015-12-05 02:24:53'),
(617905, 'NHL 16 Xbox One Blu-Ray', 6409, 171, 214.91, '', 'http://thumbs.buscape.com.br/jogos/nhl-16-xbox-one-blu-ray_200x200-PU96db1_1.jpg', '2015-12-05 02:24:53', '2015-12-05 02:24:53'),
(618080, 'Samsung S27E510C LED 27.0 polegadas', 36, 17, 1480.45, '', 'http://thumbs.buscape.com.br/monitor/samsung-s27e510c-led-27-0-polegadas_200x200-PU96e60_1.jpg', '2015-12-05 02:24:09', '2015-12-05 02:24:09'),
(618090, 'Polar SV3300', 6477, 113, 181.46, '', 'http://thumbs.buscape.com.br/bebedouro/polar-sv3300_200x200-PU96e6a_1.jpg', '2015-12-05 02:24:56', '2015-12-05 02:24:56'),
(618091, 'Polar SV1100', 6477, 113, 171.46, '', 'http://thumbs.buscape.com.br/bebedouro/polar-sv1100_200x200-PU96e6b_1.jpg', '2015-12-05 02:24:56', '2015-12-05 02:24:56'),
(618130, 'Tramontina by Breville Express 69060', 9799, 71, 1079.10, '', 'http://thumbs.buscape.com.br/moedor-de-cafe/tramontina-by-breville-express-69060_200x200-PU96e92_1.jpg', '2015-12-05 02:25:09', '2015-12-05 02:25:09'),
(618131, 'Hamilton Beach Ajustável 80374BZ', 9799, 54, 170.93, '', 'http://thumbs.buscape.com.br/moedor-de-cafe/hamilton-beach-ajustavel-80374bz_200x200-PU96e93_1.jpg', '2015-12-05 02:25:09', '2015-12-05 02:25:09');

-- --------------------------------------------------------

--
-- Estrutura da tabela `stores`
--

CREATE TABLE IF NOT EXISTS `stores` (
  `id` int(10) unsigned NOT NULL AUTO_INCREMENT,
  `seller_name` varchar(255) COLLATE utf8_unicode_ci NOT NULL,
  `email` varchar(255) COLLATE utf8_unicode_ci NOT NULL,
  `company_name` varchar(255) COLLATE utf8_unicode_ci NOT NULL,
  `trading_name` varchar(255) COLLATE utf8_unicode_ci NOT NULL,
  `cnpj` varchar(20) COLLATE utf8_unicode_ci NOT NULL,
  `site` varchar(120) COLLATE utf8_unicode_ci NOT NULL,
  `phone` varchar(15) COLLATE utf8_unicode_ci NOT NULL,
  `cellphone` varchar(15) COLLATE utf8_unicode_ci NOT NULL,
  `postal_code` varchar(12) COLLATE utf8_unicode_ci NOT NULL,
  `district` varchar(150) COLLATE utf8_unicode_ci NOT NULL,
  `city` varchar(150) COLLATE utf8_unicode_ci NOT NULL,
  `state` varchar(80) COLLATE utf8_unicode_ci NOT NULL,
  `street` varchar(255) COLLATE utf8_unicode_ci NOT NULL,
  `number` int(11) NOT NULL,
  `complement` varchar(255) COLLATE utf8_unicode_ci NOT NULL,
  `created_at` timestamp NOT NULL DEFAULT '0000-00-00 00:00:00',
  `updated_at` timestamp NOT NULL DEFAULT '0000-00-00 00:00:00',
  PRIMARY KEY (`id`)
) ENGINE=InnoDB DEFAULT CHARSET=utf8 COLLATE=utf8_unicode_ci AUTO_INCREMENT=1 ;

-- --------------------------------------------------------

--
-- Estrutura da tabela `subcategories`
--

CREATE TABLE IF NOT EXISTS `subcategories` (
  `id` int(10) unsigned NOT NULL AUTO_INCREMENT,
  `name` varchar(255) COLLATE utf8_unicode_ci NOT NULL,
  `category_id` int(10) unsigned NOT NULL,
  `created_at` timestamp NOT NULL DEFAULT '0000-00-00 00:00:00',
  `updated_at` timestamp NOT NULL DEFAULT '0000-00-00 00:00:00',
  PRIMARY KEY (`id`),
  KEY `subcategories_category_id_foreign` (`category_id`)
) ENGINE=InnoDB  DEFAULT CHARSET=utf8 COLLATE=utf8_unicode_ci AUTO_INCREMENT=11118 ;

--
-- Extraindo dados da tabela `subcategories`
--

INSERT INTO `subcategories` (`id`, `name`, `category_id`, `created_at`, `updated_at`) VALUES
(5, 'DVD Player', 1, '2015-12-05 01:47:01', '2015-12-05 01:47:01'),
(6, 'Acessórios para Fax', 6420, '2015-12-05 01:47:28', '2015-12-05 01:47:28'),
(11, 'Calculadora', 1, '2015-12-05 01:47:01', '2015-12-05 01:47:01'),
(22, 'PC', 2, '2015-12-05 01:47:02', '2015-12-05 01:47:02'),
(27, 'Software', 2, '2015-12-05 01:47:02', '2015-12-05 01:47:02'),
(36, 'Monitor', 2, '2015-12-05 01:47:02', '2015-12-05 01:47:02'),
(37, 'Projetor Multimídia', 2, '2015-12-05 01:47:02', '2015-12-05 01:47:02'),
(39, 'Suprimentos', 2, '2015-12-05 01:47:02', '2015-12-05 01:47:02'),
(45, 'Componentes', 2, '2015-12-05 01:47:02', '2015-12-05 01:47:02'),
(49, 'Memória', 2, '2015-12-05 01:47:02', '2015-12-05 01:47:02'),
(58, 'Drives / Gravadores', 2, '2015-12-05 01:47:02', '2015-12-05 01:47:02'),
(64, 'Periféricos', 2, '2015-12-05 01:47:02', '2015-12-05 01:47:02'),
(68, 'Rede / Comunicação', 2, '2015-12-05 01:47:02', '2015-12-05 01:47:02'),
(77, 'Celular e Smartphone', 6420, '2015-12-05 01:47:28', '2015-12-05 01:47:28'),
(78, 'Acessórios para Aparelhos de Telefone', 6420, '2015-12-05 01:47:28', '2015-12-05 01:47:28'),
(85, 'Agenda Eletrônica', 1, '2015-12-05 01:47:01', '2015-12-05 01:47:01'),
(93, 'Câmera Digital', 9627, '2015-12-05 01:47:33', '2015-12-05 01:47:33'),
(100, 'Joystick / Controle', 2376, '2015-12-05 01:47:13', '2015-12-05 01:47:13'),
(103, 'WebCam', 2, '2015-12-05 01:47:02', '2015-12-05 01:47:02'),
(110, 'Filmadora', 9627, '2015-12-05 01:47:33', '2015-12-05 01:47:33'),
(119, 'Aspirador de Pó / Água', 116, '2015-12-05 01:47:03', '2015-12-05 01:47:03'),
(120, 'Batedeira', 116, '2015-12-05 01:47:03', '2015-12-05 01:47:03'),
(121, 'Cafeteira', 116, '2015-12-05 01:47:03', '2015-12-05 01:47:03'),
(123, 'Espremedor de Frutas', 116, '2015-12-05 01:47:03', '2015-12-05 01:47:03'),
(126, 'Microondas', 116, '2015-12-05 01:47:04', '2015-12-05 01:47:04'),
(127, 'Secadora de Roupas', 116, '2015-12-05 01:47:05', '2015-12-05 01:47:05'),
(129, 'Lava Louças', 116, '2015-12-05 01:47:04', '2015-12-05 01:47:04'),
(131, 'Freezer', 116, '2015-12-05 01:47:04', '2015-12-05 01:47:04'),
(132, 'Enceradeira', 116, '2015-12-05 01:47:03', '2015-12-05 01:47:03'),
(133, 'Acessórios para Câmera', 9627, '2015-12-05 01:47:33', '2015-12-05 01:47:33'),
(138, 'Fogão', 116, '2015-12-05 01:47:03', '2015-12-05 01:47:03'),
(139, 'Processadores de Alimentos', 116, '2015-12-05 01:47:04', '2015-12-05 01:47:04'),
(142, 'Faca Elétrica', 116, '2015-12-05 01:47:03', '2015-12-05 01:47:03'),
(145, 'Forno Elétrico', 116, '2015-12-05 01:47:04', '2015-12-05 01:47:04'),
(147, 'Panela Elétrica', 116, '2015-12-05 01:47:04', '2015-12-05 01:47:04'),
(150, 'Fritadeira', 116, '2015-12-05 01:47:04', '2015-12-05 01:47:04'),
(151, 'Torradeira', 116, '2015-12-05 01:47:05', '2015-12-05 01:47:05'),
(154, 'Máquina de Costura', 116, '2015-12-05 01:47:04', '2015-12-05 01:47:04'),
(157, 'Grill Elétrico / Sanduicheira', 116, '2015-12-05 01:47:04', '2015-12-05 01:47:04'),
(187, 'Brinquedos Educativos', 179, '2015-12-05 01:47:05', '2015-12-05 01:47:05'),
(198, 'Pelúcias', 179, '2015-12-05 01:47:05', '2015-12-05 01:47:05'),
(204, 'Playground', 179, '2015-12-05 01:47:05', '2015-12-05 01:47:05'),
(214, 'Brinquedos Eletrônicos', 179, '2015-12-05 01:47:05', '2015-12-05 01:47:05'),
(219, 'Materiais para Limpeza', 2701, '2015-12-05 01:47:14', '2015-12-05 01:47:14'),
(250, 'Barba', 249, '2015-12-05 01:47:07', '2015-12-05 01:47:07'),
(255, 'Mãos e Pés', 249, '2015-12-05 01:47:07', '2015-12-05 01:47:07'),
(272, 'Higiene', 2949, '2015-12-05 01:47:15', '2015-12-05 01:47:15'),
(278, 'Desodorante', 249, '2015-12-05 01:47:07', '2015-12-05 01:47:07'),
(286, 'Corpo', 249, '2015-12-05 01:47:07', '2015-12-05 01:47:07'),
(287, 'Maquiagem', 249, '2015-12-05 01:47:07', '2015-12-05 01:47:07'),
(288, 'Cabelo', 249, '2015-12-05 01:47:07', '2015-12-05 01:47:07'),
(293, 'Higiene / Saúde para Bebê', 3473, '2015-12-05 01:47:18', '2015-12-05 01:47:18'),
(296, 'Rosto', 249, '2015-12-05 01:47:07', '2015-12-05 01:47:07'),
(464, 'Bronzeador', 249, '2015-12-05 01:47:07', '2015-12-05 01:47:07'),
(482, 'Fralda para Bebê', 3473, '2015-12-05 01:47:18', '2015-12-05 01:47:18'),
(487, 'Bomboniere', 486, '2015-12-05 01:47:09', '2015-12-05 01:47:09'),
(500, 'Papinha para Bebê', 486, '2015-12-05 01:47:09', '2015-12-05 01:47:09'),
(517, 'Matinais', 486, '2015-12-05 01:47:09', '2015-12-05 01:47:09'),
(564, 'Mercearia', 486, '2015-12-05 01:47:09', '2015-12-05 01:47:09'),
(614, 'Laticínios', 486, '2015-12-05 01:47:09', '2015-12-05 01:47:09'),
(910, 'Sobremesas / Confeitaria', 486, '2015-12-05 01:47:09', '2015-12-05 01:47:09'),
(912, 'Hortifrutigranjeiros', 486, '2015-12-05 01:47:09', '2015-12-05 01:47:09'),
(913, 'Bebida Não Alcoólica', 486, '2015-12-05 01:47:09', '2015-12-05 01:47:09'),
(917, 'Padaria / Confeitaria', 486, '2015-12-05 01:47:09', '2015-12-05 01:47:09'),
(918, 'Carnes', 486, '2015-12-05 01:47:09', '2015-12-05 01:47:09'),
(930, 'Congelados', 486, '2015-12-05 01:47:09', '2015-12-05 01:47:09'),
(935, 'Bebida Alcoólica', 486, '2015-12-05 01:47:09', '2015-12-05 01:47:09'),
(1082, 'Mel', 2949, '2015-12-05 01:47:16', '2015-12-05 01:47:16'),
(1329, 'Pesca', 1328, '2015-12-05 01:47:11', '2015-12-05 01:47:11'),
(1330, 'Equitação', 1328, '2015-12-05 01:47:10', '2015-12-05 01:47:10'),
(1331, 'Mergulho', 1328, '2015-12-05 01:47:11', '2015-12-05 01:47:11'),
(1332, 'Escalada / Montanhismo', 1328, '2015-12-05 01:47:10', '2015-12-05 01:47:10'),
(1333, 'Arco e Flecha', 1328, '2015-12-05 01:47:10', '2015-12-05 01:47:10'),
(1335, 'Atletismo', 1328, '2015-12-05 01:47:10', '2015-12-05 01:47:10'),
(1344, 'Ciclismo', 1328, '2015-12-05 01:47:10', '2015-12-05 01:47:10'),
(1348, 'Futebol', 1328, '2015-12-05 01:47:10', '2015-12-05 01:47:10'),
(1355, 'Musculação / Ginástica', 1328, '2015-12-05 01:47:11', '2015-12-05 01:47:11'),
(1356, 'Natação', 1328, '2015-12-05 01:47:11', '2015-12-05 01:47:11'),
(1358, 'Tênis de Campo', 1328, '2015-12-05 01:47:11', '2015-12-05 01:47:11'),
(1359, 'Surf', 1328, '2015-12-05 01:47:11', '2015-12-05 01:47:11'),
(1360, 'Vôlei', 1328, '2015-12-05 01:47:12', '2015-12-05 01:47:12'),
(1443, 'Flores Artificiais', 246, '2015-12-05 01:47:06', '2015-12-05 01:47:06'),
(1456, 'Bouquet de Flores', 246, '2015-12-05 01:47:06', '2015-12-05 01:47:06'),
(2016, 'Frios', 486, '2015-12-05 01:47:09', '2015-12-05 01:47:09'),
(2115, 'Brinquedos para Meninos / Meninas', 179, '2015-12-05 01:47:05', '2015-12-05 01:47:05'),
(2323, 'Cesta Básica', 486, '2015-12-05 01:47:09', '2015-12-05 01:47:09'),
(2337, 'Outros Eletrodomésticos', 116, '2015-12-05 01:47:04', '2015-12-05 01:47:04'),
(2349, 'Fantasias / Máscaras e Acessórios', 179, '2015-12-05 01:47:05', '2015-12-05 01:47:05'),
(2352, 'Artigos para Festas', 3484, '2015-12-05 01:47:19', '2015-12-05 01:47:19'),
(2390, 'Ovo de Páscoa', 5884, '2015-12-05 01:47:25', '2015-12-05 01:47:25'),
(2412, 'Brinquedos para Bebê', 3473, '2015-12-05 01:47:18', '2015-12-05 01:47:18'),
(2423, 'Lavadora de Alta Pressão', 116, '2015-12-05 01:47:04', '2015-12-05 01:47:04'),
(2425, 'Acessórios para Videogame', 2376, '2015-12-05 01:47:13', '2015-12-05 01:47:13'),
(2443, 'Brinquedos para Meninos', 179, '2015-12-05 01:47:05', '2015-12-05 01:47:05'),
(2469, 'Moda Infantil', 2468, '2015-12-05 01:47:14', '2015-12-05 01:47:14'),
(2470, 'Moda para Bebê', 3473, '2015-12-05 01:47:18', '2015-12-05 01:47:18'),
(2471, 'Moda Masculina', 2468, '2015-12-05 01:47:14', '2015-12-05 01:47:14'),
(2472, 'Moda Feminina', 2468, '2015-12-05 01:47:14', '2015-12-05 01:47:14'),
(2506, 'Scanner', 2, '2015-12-05 01:47:02', '2015-12-05 01:47:02'),
(2639, 'Pisos / Revestimentos', 5910, '2015-12-05 01:47:25', '2015-12-05 01:47:25'),
(2703, 'Móveis para Escritório', 7426, '2015-12-05 01:47:30', '2015-12-05 01:47:30'),
(2708, 'Móveis para Casa', 2701, '2015-12-05 01:47:14', '2015-12-05 01:47:14'),
(2718, 'Cama / Mesa / Banho', 2701, '2015-12-05 01:47:14', '2015-12-05 01:47:14'),
(2732, 'Utilidades Domésticas', 2701, '2015-12-05 01:47:14', '2015-12-05 01:47:14'),
(2772, 'Tesoura', 3484, '2015-12-05 01:47:21', '2015-12-05 01:47:21'),
(2800, 'Aquecedor de Ambiente', 116, '2015-12-05 01:47:03', '2015-12-05 01:47:03'),
(2845, 'Higienizador a Vapor', 116, '2015-12-05 01:47:04', '2015-12-05 01:47:04'),
(2846, 'Câmera Fotográfica', 9627, '2015-12-05 01:47:33', '2015-12-05 01:47:33'),
(2852, 'TV', 1, '2015-12-05 01:47:01', '2015-12-05 01:47:01'),
(2857, 'Calçados', 2468, '2015-12-05 01:47:14', '2015-12-05 01:47:14'),
(2867, 'Proteção Elétrica', 2, '2015-12-05 01:47:02', '2015-12-05 01:47:02'),
(2918, 'Handheld / Palm Top', 2, '2015-12-05 01:47:02', '2015-12-05 01:47:02'),
(2935, 'Jogos Diversos', 179, '2015-12-05 01:47:05', '2015-12-05 01:47:05'),
(2936, 'Camping', 1328, '2015-12-05 01:47:10', '2015-12-05 01:47:10'),
(2942, 'Canivete', 1328, '2015-12-05 01:47:10', '2015-12-05 01:47:10'),
(2947, 'Mochila', 1328, '2015-12-05 01:47:11', '2015-12-05 01:47:11'),
(2981, 'GPS / Acessórios', 1, '2015-12-05 01:47:01', '2015-12-05 01:47:01'),
(2986, 'Cuidados / Terapias', 2949, '2015-12-05 01:47:15', '2015-12-05 01:47:15'),
(2992, 'Barco', 1328, '2015-12-05 01:47:10', '2015-12-05 01:47:10'),
(3001, 'Outros Artigos de Sex Shop', 3000, '2015-12-05 01:47:17', '2015-12-05 01:47:17'),
(3003, 'Lingerie / Fantasias Eróticas', 3000, '2015-12-05 01:47:17', '2015-12-05 01:47:17'),
(3006, 'DVD / VHS Erótico', 3000, '2015-12-05 01:47:16', '2015-12-05 01:47:16'),
(3008, 'Porta-Joias', 9617, '2015-12-05 01:47:33', '2015-12-05 01:47:33'),
(3019, 'Equipamentos Médico / Hospitalares', 2949, '2015-12-05 01:47:15', '2015-12-05 01:47:15'),
(3020, 'Produtos Ortopédicos', 2949, '2015-12-05 01:47:16', '2015-12-05 01:47:16'),
(3025, 'Inalador / Nebulizador', 2949, '2015-12-05 01:47:15', '2015-12-05 01:47:15'),
(3027, 'Cadeira de Rodas', 2949, '2015-12-05 01:47:15', '2015-12-05 01:47:15'),
(3053, 'Utensílios Médicos', 2949, '2015-12-05 01:47:16', '2015-12-05 01:47:16'),
(3072, 'Fax', 6420, '2015-12-05 01:47:28', '2015-12-05 01:47:28'),
(3113, 'Termômetro', 2949, '2015-12-05 01:47:16', '2015-12-05 01:47:16'),
(3297, 'Camisetas de Bandas / Filmes', 2468, '2015-12-05 01:47:14', '2015-12-05 01:47:14'),
(3305, 'Chupeta e Acessórios', 3473, '2015-12-05 01:47:18', '2015-12-05 01:47:18'),
(3326, 'Mamadeira e Acessórios', 3473, '2015-12-05 01:47:18', '2015-12-05 01:47:18'),
(3344, 'Protetor Solar', 249, '2015-12-05 01:47:07', '2015-12-05 01:47:07'),
(3386, 'Absorvente', 249, '2015-12-05 01:47:07', '2015-12-05 01:47:07'),
(3437, 'Gravura', 7425, '2015-12-05 01:47:29', '2015-12-05 01:47:29'),
(3442, 'Perfume', 249, '2015-12-05 01:47:07', '2015-12-05 01:47:07'),
(3443, 'Objetos de Decoração', 2701, '2015-12-05 01:47:14', '2015-12-05 01:47:14'),
(3447, 'Chuveiro / Ducha', 116, '2015-12-05 01:47:03', '2015-12-05 01:47:03'),
(3469, 'Umidificador', 2949, '2015-12-05 01:47:16', '2015-12-05 01:47:16'),
(3475, 'Walkie Talkie', 6420, '2015-12-05 01:47:28', '2015-12-05 01:47:28'),
(3480, 'Bandeira', 1328, '2015-12-05 01:47:10', '2015-12-05 01:47:10'),
(3485, 'Agenda', 3484, '2015-12-05 01:47:19', '2015-12-05 01:47:19'),
(3486, 'Caderno', 3484, '2015-12-05 01:47:19', '2015-12-05 01:47:19'),
(3487, 'Fichário', 3484, '2015-12-05 01:47:20', '2015-12-05 01:47:20'),
(3496, 'Clipes', 3484, '2015-12-05 01:47:19', '2015-12-05 01:47:19'),
(3497, 'Alfinete', 3484, '2015-12-05 01:47:19', '2015-12-05 01:47:19'),
(3499, 'Apontador', 3484, '2015-12-05 01:47:19', '2015-12-05 01:47:19'),
(3500, 'Borracha', 3484, '2015-12-05 01:47:19', '2015-12-05 01:47:19'),
(3501, 'Carga para Caneta', 3484, '2015-12-05 01:47:19', '2015-12-05 01:47:19'),
(3502, 'Caneta', 3484, '2015-12-05 01:47:19', '2015-12-05 01:47:19'),
(3503, 'Tinta para Caneta', 3484, '2015-12-05 01:47:21', '2015-12-05 01:47:21'),
(3506, 'Cola', 3484, '2015-12-05 01:47:19', '2015-12-05 01:47:19'),
(3507, 'Corretivo', 3484, '2015-12-05 01:47:19', '2015-12-05 01:47:19'),
(3508, 'Compasso', 3484, '2015-12-05 01:47:19', '2015-12-05 01:47:19'),
(3509, 'Divisória para Fichário', 3484, '2015-12-05 01:47:20', '2015-12-05 01:47:20'),
(3510, 'Elástico', 3484, '2015-12-05 01:47:20', '2015-12-05 01:47:20'),
(3512, 'Réguas', 3484, '2015-12-05 01:47:21', '2015-12-05 01:47:21'),
(3513, 'Estojo Escolar', 3484, '2015-12-05 01:47:20', '2015-12-05 01:47:20'),
(3514, 'Etiqueta', 3484, '2015-12-05 01:47:20', '2015-12-05 01:47:20'),
(3516, 'Fita para Presente', 3484, '2015-12-05 01:47:20', '2015-12-05 01:47:20'),
(3517, 'Fita Adesiva', 3484, '2015-12-05 01:47:20', '2015-12-05 01:47:20'),
(3519, 'Lapiseira', 3484, '2015-12-05 01:47:20', '2015-12-05 01:47:20'),
(3520, 'Grampeador', 3484, '2015-12-05 01:47:20', '2015-12-05 01:47:20'),
(3522, 'Lápis', 3484, '2015-12-05 01:47:20', '2015-12-05 01:47:20'),
(3523, 'Lápis de Cor', 3484, '2015-12-05 01:47:20', '2015-12-05 01:47:20'),
(3526, 'Glitter', 3484, '2015-12-05 01:47:20', '2015-12-05 01:47:20'),
(3528, 'Lantejoula', 3484, '2015-12-05 01:47:20', '2015-12-05 01:47:20'),
(3532, 'Tintas e Acessórios para Artesanato / Desenho', 3484, '2015-12-05 01:47:21', '2015-12-05 01:47:21'),
(3533, 'Transparência', 3484, '2015-12-05 01:47:21', '2015-12-05 01:47:21'),
(3535, 'Perfurador de Papel', 3484, '2015-12-05 01:47:21', '2015-12-05 01:47:21'),
(3537, 'Organizador', 3484, '2015-12-05 01:47:21', '2015-12-05 01:47:21'),
(3540, 'Pincel para Quadro Branco', 3484, '2015-12-05 01:47:21', '2015-12-05 01:47:21'),
(3543, 'Carimbo / Acessórios', 3484, '2015-12-05 01:47:19', '2015-12-05 01:47:19'),
(3544, 'Bloco', 3484, '2015-12-05 01:47:19', '2015-12-05 01:47:19'),
(3545, 'Bobina de Papel', 3484, '2015-12-05 01:47:19', '2015-12-05 01:47:19'),
(3549, 'Diário', 3484, '2015-12-05 01:47:20', '2015-12-05 01:47:20'),
(3551, 'Giz de Cera', 3484, '2015-12-05 01:47:20', '2015-12-05 01:47:20'),
(3553, 'Lancheira', 3484, '2015-12-05 01:47:20', '2015-12-05 01:47:20'),
(3555, 'Papel', 3484, '2015-12-05 01:47:21', '2015-12-05 01:47:21'),
(3557, 'Plástico para Encapar', 3484, '2015-12-05 01:47:21', '2015-12-05 01:47:21'),
(3558, 'Outros Artigos de Papelaria / Escritório', 3484, '2015-12-05 01:47:21', '2015-12-05 01:47:21'),
(3584, 'Equipamentos de Som', 1, '2015-12-05 01:47:01', '2015-12-05 01:47:01'),
(3586, 'Vestuário Esportivo', 1328, '2015-12-05 01:47:12', '2015-12-05 01:47:12'),
(3590, 'Arquivo', 3484, '2015-12-05 01:47:19', '2015-12-05 01:47:19'),
(3595, 'Chaveiro', 2468, '2015-12-05 01:47:14', '2015-12-05 01:47:14'),
(3606, 'Impressora', 2, '2015-12-05 01:47:02', '2015-12-05 01:47:02'),
(3611, 'Revistas Eróticas', 3000, '2015-12-05 01:47:17', '2015-12-05 01:47:17'),
(3629, 'Automóvel Novo', 3841, '2015-12-05 01:47:23', '2015-12-05 01:47:23'),
(3661, 'Ar Condicionado', 116, '2015-12-05 01:47:03', '2015-12-05 01:47:03'),
(3662, 'Ventilador / Circulador', 116, '2015-12-05 01:47:05', '2015-12-05 01:47:05'),
(3669, 'Liquidificador', 116, '2015-12-05 01:47:04', '2015-12-05 01:47:04'),
(3671, 'Máquina de Lavar Roupas', 116, '2015-12-05 01:47:04', '2015-12-05 01:47:04'),
(3673, 'Geladeira / Refrigerador', 116, '2015-12-05 01:47:04', '2015-12-05 01:47:04'),
(3694, 'Relógio de Pulso', 9617, '2015-12-05 01:47:33', '2015-12-05 01:47:33'),
(3704, 'Esterilizador / Purificador de Ar', 2949, '2015-12-05 01:47:15', '2015-12-05 01:47:15'),
(3756, 'Preservativo', 2949, '2015-12-05 01:47:16', '2015-12-05 01:47:16'),
(3767, 'Suporte para Fita Adesiva', 3484, '2015-12-05 01:47:21', '2015-12-05 01:47:21'),
(3772, 'Aparelho de Telefone', 6420, '2015-12-05 01:47:28', '2015-12-05 01:47:28'),
(3773, 'Crachá / Acessórios', 3484, '2015-12-05 01:47:19', '2015-12-05 01:47:19'),
(3781, 'Bancada', 7426, '2015-12-05 01:47:29', '2015-12-05 01:47:29'),
(3786, 'Bomba de Ar', 1328, '2015-12-05 01:47:10', '2015-12-05 01:47:10'),
(3795, 'Pasta', 3484, '2015-12-05 01:47:21', '2015-12-05 01:47:21'),
(3796, 'Prancheta', 3484, '2015-12-05 01:47:21', '2015-12-05 01:47:21'),
(3802, 'Fechadura', 5910, '2015-12-05 01:47:25', '2015-12-05 01:47:25'),
(3805, 'Guincho Hidráulico', 7426, '2015-12-05 01:47:30', '2015-12-05 01:47:30'),
(3812, 'Torno', 7426, '2015-12-05 01:47:30', '2015-12-05 01:47:30'),
(3814, 'Prensa Hidráulica', 7426, '2015-12-05 01:47:30', '2015-12-05 01:47:30'),
(3837, 'Outros Artigos de Esporte / Lazer', 1328, '2015-12-05 01:47:11', '2015-12-05 01:47:11'),
(3840, 'Moto Nova', 3841, '2015-12-05 01:47:23', '2015-12-05 01:47:23'),
(3852, 'Ferro de Passar Roupas', 116, '2015-12-05 01:47:03', '2015-12-05 01:47:03'),
(4029, 'Suplemento', 1328, '2015-12-05 01:47:11', '2015-12-05 01:47:11'),
(4673, 'Acessórios para Celular e Smartphone', 6420, '2015-12-05 01:47:28', '2015-12-05 01:47:28'),
(5405, 'Cartão de Visita', 3484, '2015-12-05 01:47:19', '2015-12-05 01:47:19'),
(5805, 'Andador para Bebê', 3473, '2015-12-05 01:47:17', '2015-12-05 01:47:17'),
(5807, 'Babá Eletrônica', 3473, '2015-12-05 01:47:18', '2015-12-05 01:47:18'),
(5809, 'Berço', 3473, '2015-12-05 01:47:18', '2015-12-05 01:47:18'),
(5811, 'Artigos de Segurança para Bebê', 3473, '2015-12-05 01:47:18', '2015-12-05 01:47:18'),
(5812, 'Banheira para Bebê', 3473, '2015-12-05 01:47:18', '2015-12-05 01:47:18'),
(5816, 'Cadeira para Auto', 3473, '2015-12-05 01:47:18', '2015-12-05 01:47:18'),
(5817, 'Carrinho para Bebê', 3473, '2015-12-05 01:47:18', '2015-12-05 01:47:18'),
(5834, 'Escultura', 7425, '2015-12-05 01:47:29', '2015-12-05 01:47:29'),
(5858, 'Cestas para Presente', 246, '2015-12-05 01:47:06', '2015-12-05 01:47:06'),
(5865, 'Utensílios para Alimentação do Bebê', 3473, '2015-12-05 01:47:18', '2015-12-05 01:47:18'),
(5870, 'Portas / Janelas', 5910, '2015-12-05 01:47:25', '2015-12-05 01:47:25'),
(5888, 'Arranjos / Cestas de Flores', 246, '2015-12-05 01:47:06', '2015-12-05 01:47:06'),
(5893, 'Cestas de Café da Manhã', 246, '2015-12-05 01:47:06', '2015-12-05 01:47:06'),
(5911, 'Ferramentas', 5910, '2015-12-05 01:47:25', '2015-12-05 01:47:25'),
(5912, 'Material de Construção', 5910, '2015-12-05 01:47:25', '2015-12-05 01:47:25'),
(5913, 'Tintas / Acessórios para Pintura', 5910, '2015-12-05 01:47:25', '2015-12-05 01:47:25'),
(5917, 'Motor', 7426, '2015-12-05 01:47:30', '2015-12-05 01:47:30'),
(5929, 'Hidráulica', 5910, '2015-12-05 01:47:25', '2015-12-05 01:47:25'),
(5932, 'Materiais Elétricos', 5910, '2015-12-05 01:47:25', '2015-12-05 01:47:25'),
(5933, 'Ferragens', 5910, '2015-12-05 01:47:25', '2015-12-05 01:47:25'),
(5951, 'Equipamentos para Prevenção / Sinalização', 7426, '2015-12-05 01:47:30', '2015-12-05 01:47:30'),
(6023, 'Cosméticos / Lubrificantes Eróticos', 3000, '2015-12-05 01:47:16', '2015-12-05 01:47:16'),
(6024, 'Infláveis Eróticos', 3000, '2015-12-05 01:47:17', '2015-12-05 01:47:17'),
(6036, 'Panetone', 5833, '2015-12-05 01:47:24', '2015-12-05 01:47:24'),
(6058, 'Console de Videogame', 2376, '2015-12-05 01:47:13', '2015-12-05 01:47:13'),
(6060, 'Modelismo', 8050, '2015-12-05 01:47:31', '2015-12-05 01:47:31'),
(6130, 'Motocross', 1328, '2015-12-05 01:47:11', '2015-12-05 01:47:11'),
(6140, 'Esotéricos', 2701, '2015-12-05 01:47:14', '2015-12-05 01:47:14'),
(6154, 'Diesel', 6150, '2015-12-05 01:47:27', '2015-12-05 01:47:27'),
(6160, 'Utensílios Diversos para a Mamãe', 3473, '2015-12-05 01:47:18', '2015-12-05 01:47:18'),
(6164, 'Brinquedos para Meninas', 179, '2015-12-05 01:47:05', '2015-12-05 01:47:05'),
(6170, 'Gás de Cozinha (GLP)', 6150, '2015-12-05 01:47:27', '2015-12-05 01:47:27'),
(6314, 'Assinaturas de Revistas', 6108, '2015-12-05 01:47:27', '2015-12-05 01:47:27'),
(6344, 'Jogos de RPG', 179, '2015-12-05 01:47:05', '2015-12-05 01:47:05'),
(6367, 'Artigos Evangélicos', 6016, '2015-12-05 01:47:26', '2015-12-05 01:47:26'),
(6368, 'Artigos Católicos', 6016, '2015-12-05 01:47:26', '2015-12-05 01:47:26'),
(6380, 'Squash', 1328, '2015-12-05 01:47:11', '2015-12-05 01:47:11'),
(6381, 'Golfe', 1328, '2015-12-05 01:47:10', '2015-12-05 01:47:10'),
(6388, 'Servidor', 2, '2015-12-05 01:47:02', '2015-12-05 01:47:02'),
(6391, 'Árvore de Natal', 5833, '2015-12-05 01:47:24', '2015-12-05 01:47:24'),
(6394, 'Baú / Cesta de Natal', 5833, '2015-12-05 01:47:24', '2015-12-05 01:47:24'),
(6395, 'Pisca-Pisca', 5833, '2015-12-05 01:47:24', '2015-12-05 01:47:24'),
(6398, 'Artigos / Enfeites Natalinos', 5833, '2015-12-05 01:47:24', '2015-12-05 01:47:24'),
(6409, 'Jogos', 2376, '2015-12-05 01:47:13', '2015-12-05 01:47:13'),
(6424, 'Notebook', 2, '2015-12-05 01:47:02', '2015-12-05 01:47:02'),
(6429, 'Poster', 7425, '2015-12-05 01:47:29', '2015-12-05 01:47:29'),
(6432, 'Doces / Chocolates para Presente', 246, '2015-12-05 01:47:06', '2015-12-05 01:47:06'),
(6435, 'Acessórios para Áudio / Vídeo', 1, '2015-12-05 01:47:01', '2015-12-05 01:47:01'),
(6450, 'Eletrônicos de Uso Pessoal', 249, '2015-12-05 01:47:07', '2015-12-05 01:47:07'),
(6463, 'Home Theater / Acessórios', 1, '2015-12-05 01:47:01', '2015-12-05 01:47:01'),
(6469, 'Arranjos / Cestas de Páscoa', 5884, '2015-12-05 01:47:25', '2015-12-05 01:47:25'),
(6477, 'Bebedouro', 116, '2015-12-05 01:47:03', '2015-12-05 01:47:03'),
(6503, 'Acessórios / Peças para Eletrodomésticos', 116, '2015-12-05 01:47:03', '2015-12-05 01:47:03'),
(6504, 'Frigobar', 116, '2015-12-05 01:47:04', '2015-12-05 01:47:04'),
(6507, 'Adega Climatizada', 116, '2015-12-05 01:47:03', '2015-12-05 01:47:03'),
(6536, 'Bolsa / Mala / Trocador para Bebê', 3473, '2015-12-05 01:47:18', '2015-12-05 01:47:18'),
(6544, 'Filme Fotográfico', 9627, '2015-12-05 01:47:33', '2015-12-05 01:47:33'),
(6557, 'Cama / Mesa / Banho para Bebê', 3473, '2015-12-05 01:47:18', '2015-12-05 01:47:18'),
(6584, 'Instrumentos Óticos', 1328, '2015-12-05 01:47:11', '2015-12-05 01:47:11'),
(6604, 'Esqui Aquático', 1328, '2015-12-05 01:47:10', '2015-12-05 01:47:10'),
(6652, 'Acessórios Náuticos', 1328, '2015-12-05 01:47:10', '2015-12-05 01:47:10'),
(6658, 'Jet Ski', 1328, '2015-12-05 01:47:11', '2015-12-05 01:47:11'),
(6685, 'Quadriciclo Usado', 3841, '2015-12-05 01:47:23', '2015-12-05 01:47:23'),
(6687, 'Moto Usada', 3841, '2015-12-05 01:47:23', '2015-12-05 01:47:23'),
(6693, 'Eletrônicos para Esporte /  Lazer', 1328, '2015-12-05 01:47:10', '2015-12-05 01:47:10'),
(6699, 'Utensílios para Banheiro', 2701, '2015-12-05 01:47:14', '2015-12-05 01:47:14'),
(6711, 'Artigos para Cachorro', 247, '2015-12-05 01:47:06', '2015-12-05 01:47:06'),
(6713, 'Medicamentos / Suplementos para Animais', 247, '2015-12-05 01:47:07', '2015-12-05 01:47:07'),
(6716, 'Artigos para Gatos', 247, '2015-12-05 01:47:06', '2015-12-05 01:47:06'),
(6719, 'Artigos para Pássaros', 247, '2015-12-05 01:47:07', '2015-12-05 01:47:07'),
(6720, 'Artigos para Peixes', 247, '2015-12-05 01:47:07', '2015-12-05 01:47:07'),
(6756, 'Instrumentos de Cordas', 2792, '2015-12-05 01:47:14', '2015-12-05 01:47:14'),
(6761, 'Instrumentos de Sopro', 2792, '2015-12-05 01:47:15', '2015-12-05 01:47:15'),
(6764, 'Equipamentos para Áudio Profissional', 2792, '2015-12-05 01:47:14', '2015-12-05 01:47:14'),
(6781, 'Artigos para Pequenos Mamíferos', 247, '2015-12-05 01:47:07', '2015-12-05 01:47:07'),
(6786, 'Relógio de Bolso', 9617, '2015-12-05 01:47:33', '2015-12-05 01:47:33'),
(6787, 'Acessórios / Peças para Motos', 3841, '2015-12-05 01:47:23', '2015-12-05 01:47:23'),
(6835, 'Kart', 1328, '2015-12-05 01:47:11', '2015-12-05 01:47:11'),
(6836, 'Miniaturas Colecionáveis', 8050, '2015-12-05 01:47:31', '2015-12-05 01:47:31'),
(6913, 'Entrega de Pratos Prontos', 5845, '2015-12-05 01:47:24', '2015-12-05 01:47:24'),
(6943, 'Fotos', 7425, '2015-12-05 01:47:29', '2015-12-05 01:47:29'),
(6945, 'Cartões de Natal', 5833, '2015-12-05 01:47:24', '2015-12-05 01:47:24'),
(6946, 'Guirlandas de Natal', 5833, '2015-12-05 01:47:24', '2015-12-05 01:47:24'),
(6954, 'Beisebol', 1328, '2015-12-05 01:47:10', '2015-12-05 01:47:10'),
(6984, 'Quadro de Aviso', 3484, '2015-12-05 01:47:21', '2015-12-05 01:47:21'),
(7073, 'Praia e Piscina', 1328, '2015-12-05 01:47:11', '2015-12-05 01:47:11'),
(7074, 'Acessórios para Informática', 2, '2015-12-05 01:47:02', '2015-12-05 01:47:02'),
(7078, 'Automóvel Usado', 3841, '2015-12-05 01:47:23', '2015-12-05 01:47:23'),
(7088, 'Acessórios para Filmadora', 9627, '2015-12-05 01:47:33', '2015-12-05 01:47:33'),
(7096, 'Aparelho de Pressão', 2949, '2015-12-05 01:47:15', '2015-12-05 01:47:15'),
(7097, 'Medidor de Glicose', 2949, '2015-12-05 01:47:16', '2015-12-05 01:47:16'),
(7107, 'Marcenaria / Hobby', 5910, '2015-12-05 01:47:25', '2015-12-05 01:47:25'),
(7114, 'Ótica', 2949, '2015-12-05 01:47:16', '2015-12-05 01:47:16'),
(7115, 'Acessórios para Servidor', 2, '2015-12-05 01:47:02', '2015-12-05 01:47:02'),
(7157, 'Apostila para Concursos / Cursos', 6108, '2015-12-05 01:47:27', '2015-12-05 01:47:27'),
(7164, 'Matéria Prima para Artesanato', 3484, '2015-12-05 01:47:21', '2015-12-05 01:47:21'),
(7173, 'Uniforme Escolar', 3484, '2015-12-05 01:47:21', '2015-12-05 01:47:21'),
(7216, 'Balança', 2949, '2015-12-05 01:47:15', '2015-12-05 01:47:15'),
(7217, 'Desumidificador', 2949, '2015-12-05 01:47:15', '2015-12-05 01:47:15'),
(7238, 'Automação Comercial', 7426, '2015-12-05 01:47:29', '2015-12-05 01:47:29'),
(7284, 'Cursos e Educação', 5845, '2015-12-05 01:47:24', '2015-12-05 01:47:24'),
(7429, 'Agrobusiness', 7426, '2015-12-05 01:47:29', '2015-12-05 01:47:29'),
(7438, 'Partitura / Método de Estudo Musical', 2792, '2015-12-05 01:47:15', '2015-12-05 01:47:15'),
(7491, 'Vale Presente', 246, '2015-12-05 01:47:06', '2015-12-05 01:47:06'),
(7529, 'Instrumentos de Teclas', 2792, '2015-12-05 01:47:15', '2015-12-05 01:47:15'),
(7545, 'Assinaturas de Websites', 6108, '2015-12-05 01:47:27', '2015-12-05 01:47:27'),
(7549, 'Massageador', 249, '2015-12-05 01:47:07', '2015-12-05 01:47:07'),
(7555, 'Peças para Montagem de Joias / Bijuterias', 9617, '2015-12-05 01:47:33', '2015-12-05 01:47:33'),
(7578, 'Aquecedor de Água', 116, '2015-12-05 01:47:03', '2015-12-05 01:47:03'),
(7594, 'Coifa / Exaustor', 116, '2015-12-05 01:47:03', '2015-12-05 01:47:03'),
(7609, 'Soluções para Áudio Conferência', 6420, '2015-12-05 01:47:28', '2015-12-05 01:47:28'),
(7664, 'Cestas de Banho', 246, '2015-12-05 01:47:06', '2015-12-05 01:47:06'),
(7668, 'Marcador de Página', 3484, '2015-12-05 01:47:20', '2015-12-05 01:47:20'),
(7676, 'Artigos de Umbanda', 6016, '2015-12-05 01:47:26', '2015-12-05 01:47:26'),
(7681, 'Outros Equipamentos e Máquinas', 7426, '2015-12-05 01:47:30', '2015-12-05 01:47:30'),
(7685, 'Empilhadeira', 7426, '2015-12-05 01:47:30', '2015-12-05 01:47:30'),
(7688, 'Equipamentos para Supermercado', 7426, '2015-12-05 01:47:30', '2015-12-05 01:47:30'),
(7700, 'Cristal / Porcelana / Vidro', 7425, '2015-12-05 01:47:29', '2015-12-05 01:47:29'),
(7706, 'Equipamentos / Utensílios Veterinários', 7426, '2015-12-05 01:47:30', '2015-12-05 01:47:30'),
(7723, 'Formulários / Livros Comerciais e Fiscais', 3484, '2015-12-05 01:47:20', '2015-12-05 01:47:20'),
(7733, 'Artigos Judaicos', 6016, '2015-12-05 01:47:26', '2015-12-05 01:47:26'),
(7740, 'Peças em Artesanato', 7425, '2015-12-05 01:47:29', '2015-12-05 01:47:29'),
(7745, 'Índice Telefônico', 3484, '2015-12-05 01:47:20', '2015-12-05 01:47:20'),
(7747, 'Handebol', 1328, '2015-12-05 01:47:11', '2015-12-05 01:47:11'),
(7756, 'Paintball', 1328, '2015-12-05 01:47:11', '2015-12-05 01:47:11'),
(7757, 'Bolsas / Malas', 2468, '2015-12-05 01:47:14', '2015-12-05 01:47:14'),
(7777, 'Máquinas de Escritório', 3484, '2015-12-05 01:47:20', '2015-12-05 01:47:20'),
(7784, 'Agência de Turismo', 6586, '2015-12-05 01:47:28', '2015-12-05 01:47:28'),
(7791, 'Cestas Mamãe / Bebê', 246, '2015-12-05 01:47:06', '2015-12-05 01:47:06'),
(7810, 'Hotéis / Pousadas  Nacionais', 6586, '2015-12-05 01:47:28', '2015-12-05 01:47:28'),
(7815, 'Revistas em Quadrinhos', 6108, '2015-12-05 01:47:27', '2015-12-05 01:47:27'),
(7816, 'Álbum de Figurinhas', 6108, '2015-12-05 01:47:27', '2015-12-05 01:47:27'),
(7835, 'Revistas Avulsas', 6108, '2015-12-05 01:47:27', '2015-12-05 01:47:27'),
(7847, 'Downloads para Celular e Smartphone', 6420, '2015-12-05 01:47:28', '2015-12-05 01:47:28'),
(7883, 'Avião Usado', 3841, '2015-12-05 01:47:23', '2015-12-05 01:47:23'),
(7884, 'Helicóptero Usado', 3841, '2015-12-05 01:47:23', '2015-12-05 01:47:23'),
(7892, 'Brindes / Materiais Promocionais', 5845, '2015-12-05 01:47:24', '2015-12-05 01:47:24'),
(7912, 'Central Telefônica', 6420, '2015-12-05 01:47:28', '2015-12-05 01:47:28'),
(7927, 'Produtos para Segurança e Vigilância', 2701, '2015-12-05 01:47:14', '2015-12-05 01:47:14'),
(7972, 'Acessórios / Peças para Relojoaria', 7426, '2015-12-05 01:47:29', '2015-12-05 01:47:29'),
(7990, 'Seladora', 7426, '2015-12-05 01:47:30', '2015-12-05 01:47:30'),
(8051, 'Cédula / Moeda de Coleção', 8050, '2015-12-05 01:47:31', '2015-12-05 01:47:31'),
(8054, 'Outros Artigos Colecionáveis', 8050, '2015-12-05 01:47:31', '2015-12-05 01:47:31'),
(8057, 'Caminhão Novo', 3841, '2015-12-05 01:47:23', '2015-12-05 01:47:23'),
(8058, 'Caminhão Usado', 3841, '2015-12-05 01:47:23', '2015-12-05 01:47:23'),
(8070, 'Serviços em Festas / Eventos', 5845, '2015-12-05 01:47:24', '2015-12-05 01:47:24'),
(8075, 'Outros Artigos de Arte / Antiguidades', 7425, '2015-12-05 01:47:29', '2015-12-05 01:47:29'),
(8112, 'Calendário', 3484, '2015-12-05 01:47:19', '2015-12-05 01:47:19'),
(8115, 'Trator Novo', 3841, '2015-12-05 01:47:23', '2015-12-05 01:47:23'),
(8123, 'Acessórios / Peças para Carro', 3841, '2015-12-05 01:47:23', '2015-12-05 01:47:23'),
(8148, 'Serviços em Informática', 5845, '2015-12-05 01:47:24', '2015-12-05 01:47:24'),
(8160, 'Pênis / Vibrador', 3000, '2015-12-05 01:47:17', '2015-12-05 01:47:17'),
(8164, 'Cursos e Treinamentos em Áudio / Vídeo', 7426, '2015-12-05 01:47:30', '2015-12-05 01:47:30'),
(8177, 'Animais de Estimação', 247, '2015-12-05 01:47:06', '2015-12-05 01:47:06'),
(8193, 'Anel Peniano', 3000, '2015-12-05 01:47:16', '2015-12-05 01:47:16'),
(8227, 'Serviços em Construção Civil', 5845, '2015-12-05 01:47:24', '2015-12-05 01:47:24'),
(8236, 'Fitoterápicos', 2949, '2015-12-05 01:47:15', '2015-12-05 01:47:15'),
(8269, 'Acessórios de Moda', 2468, '2015-12-05 01:47:14', '2015-12-05 01:47:14'),
(8356, 'Transporte de Documentos', 5845, '2015-12-05 01:47:24', '2015-12-05 01:47:24'),
(8429, 'Cestas de Queijos / Vinhos', 246, '2015-12-05 01:47:06', '2015-12-05 01:47:06'),
(8488, 'Scrapbook', 3484, '2015-12-05 01:47:21', '2015-12-05 01:47:21'),
(8568, 'Basquete', 1328, '2015-12-05 01:47:10', '2015-12-05 01:47:10'),
(8571, 'Emagrecedor Natural', 2949, '2015-12-05 01:47:15', '2015-12-05 01:47:15'),
(8675, 'Ônibus Usado', 3841, '2015-12-05 01:47:23', '2015-12-05 01:47:23'),
(8679, 'Selo', 8050, '2015-12-05 01:47:31', '2015-12-05 01:47:31'),
(8691, 'Adesivo', 3484, '2015-12-05 01:47:19', '2015-12-05 01:47:19'),
(8693, 'Bilhar / Sinuca', 1328, '2015-12-05 01:47:10', '2015-12-05 01:47:10'),
(8702, 'Banheiros / Cozinhas', 5910, '2015-12-05 01:47:25', '2015-12-05 01:47:25'),
(8706, 'Acabamentos', 5910, '2015-12-05 01:47:25', '2015-12-05 01:47:25'),
(8716, 'Produtos para Diabéticos', 2949, '2015-12-05 01:47:16', '2015-12-05 01:47:16'),
(8722, 'Chocolate Erótico', 3000, '2015-12-05 01:47:16', '2015-12-05 01:47:16'),
(8723, 'Cesta Sensual / Erótica', 3000, '2015-12-05 01:47:16', '2015-12-05 01:47:16'),
(8737, 'Shake Emagrecedor', 2949, '2015-12-05 01:47:16', '2015-12-05 01:47:16'),
(8739, 'Pedra', 7425, '2015-12-05 01:47:29', '2015-12-05 01:47:29'),
(8747, 'Acessórios / Peças para Caminhões', 3841, '2015-12-05 01:47:23', '2015-12-05 01:47:23'),
(8751, 'Iluminação', 2701, '2015-12-05 01:47:14', '2015-12-05 01:47:14'),
(8759, 'Equipamentos para Indústria Têxtil / Confecção', 7426, '2015-12-05 01:47:30', '2015-12-05 01:47:30'),
(8766, 'Enfeite / Decoração para Quarto do Bebê', 3473, '2015-12-05 01:47:18', '2015-12-05 01:47:18'),
(8791, 'Caiaque', 1328, '2015-12-05 01:47:10', '2015-12-05 01:47:10'),
(8793, 'Quadriciclo Novo', 3841, '2015-12-05 01:47:23', '2015-12-05 01:47:23'),
(8837, 'Produtos para Alérgicos', 2949, '2015-12-05 01:47:16', '2015-12-05 01:47:16'),
(8857, 'Letreiros', 5845, '2015-12-05 01:47:24', '2015-12-05 01:47:24'),
(8868, 'Cartão Postal', 8050, '2015-12-05 01:47:31', '2015-12-05 01:47:31'),
(8869, 'Envelope', 3484, '2015-12-05 01:47:20', '2015-12-05 01:47:20'),
(8909, 'Panificadora Doméstica', 116, '2015-12-05 01:47:04', '2015-12-05 01:47:04'),
(8919, 'Equipamentos para Gráfica / Impressão', 7426, '2015-12-05 01:47:30', '2015-12-05 01:47:30'),
(8927, 'Pebolim', 1328, '2015-12-05 01:47:11', '2015-12-05 01:47:11'),
(8929, 'Plantas', 246, '2015-12-05 01:47:06', '2015-12-05 01:47:06'),
(8933, 'Uniforme / Acessórios para Profissionais', 7426, '2015-12-05 01:47:30', '2015-12-05 01:47:30'),
(8936, 'Rugby', 1328, '2015-12-05 01:47:11', '2015-12-05 01:47:11'),
(8937, 'Instrumentos de Percussão', 2792, '2015-12-05 01:47:15', '2015-12-05 01:47:15'),
(8947, 'Artigos para Pompoarismo', 3000, '2015-12-05 01:47:16', '2015-12-05 01:47:16'),
(8952, 'Artigos Militares', 8050, '2015-12-05 01:47:31', '2015-12-05 01:47:31'),
(8958, 'Climatizador', 116, '2015-12-05 01:47:03', '2015-12-05 01:47:03'),
(8976, 'Equipamentos e Móveis para Ponto de Venda', 7426, '2015-12-05 01:47:30', '2015-12-05 01:47:30'),
(8987, 'Equipamentos / Artigos de Limpeza para Empresas', 7426, '2015-12-05 01:47:30', '2015-12-05 01:47:30'),
(8988, 'Presentes Especiais', 246, '2015-12-05 01:47:06', '2015-12-05 01:47:06'),
(9002, 'Papel Auto-Adesivo', 3484, '2015-12-05 01:47:21', '2015-12-05 01:47:21'),
(9013, 'Passagens Rodoviárias Nacionais', 6586, '2015-12-05 01:47:28', '2015-12-05 01:47:28'),
(9019, 'Equipamentos para Indústria Alimentícia', 7426, '2015-12-05 01:47:30', '2015-12-05 01:47:30'),
(9045, 'Futebol Americano', 1328, '2015-12-05 01:47:10', '2015-12-05 01:47:10'),
(9060, 'Joias e Bijuterias', 9617, '2015-12-05 01:47:33', '2015-12-05 01:47:33'),
(9063, 'Pacotes Turísticos', 6586, '2015-12-05 01:47:28', '2015-12-05 01:47:28'),
(9068, 'Repelente Eletrônico', 2949, '2015-12-05 01:47:16', '2015-12-05 01:47:16'),
(9110, 'Troféu', 1328, '2015-12-05 01:47:12', '2015-12-05 01:47:12'),
(9142, 'Peso de Papel', 3484, '2015-12-05 01:47:21', '2015-12-05 01:47:21'),
(9147, 'Componentes Eletrônicos', 5910, '2015-12-05 01:47:25', '2015-12-05 01:47:25'),
(9161, 'Extrator de Grampos', 3484, '2015-12-05 01:47:20', '2015-12-05 01:47:20'),
(9171, 'Equip. para Laboratório / Montagens Eletrônicas', 7426, '2015-12-05 01:47:30', '2015-12-05 01:47:30'),
(9182, 'Masturbadores', 3000, '2015-12-05 01:47:17', '2015-12-05 01:47:17'),
(9261, 'Artes Marciais / Lutas', 1328, '2015-12-05 01:47:10', '2015-12-05 01:47:10'),
(9267, 'Brincadeiras Eróticas', 3000, '2015-12-05 01:47:16', '2015-12-05 01:47:16'),
(9268, 'Vela Erótica', 3000, '2015-12-05 01:47:17', '2015-12-05 01:47:17'),
(9270, 'Bomba / Desenvolvedor Peniano', 3000, '2015-12-05 01:47:16', '2015-12-05 01:47:16'),
(9271, 'Artigos para Sadomasoquismo', 3000, '2015-12-05 01:47:16', '2015-12-05 01:47:16'),
(9280, 'Plug Erótico', 3000, '2015-12-05 01:47:17', '2015-12-05 01:47:17'),
(9299, 'Caixa de Transporte de Animais', 247, '2015-12-05 01:47:07', '2015-12-05 01:47:07'),
(9300, 'Instrumentos de Medição', 5910, '2015-12-05 01:47:25', '2015-12-05 01:47:25'),
(9302, 'Rodeio', 1328, '2015-12-05 01:47:11', '2015-12-05 01:47:11'),
(9434, 'Rádio Amador', 6420, '2015-12-05 01:47:28', '2015-12-05 01:47:28'),
(9467, 'Skate / Acessórios', 1328, '2015-12-05 01:47:11', '2015-12-05 01:47:11'),
(9468, 'Equipamentos para Pet Shop', 7426, '2015-12-05 01:47:30', '2015-12-05 01:47:30'),
(9490, 'Tênis de Mesa', 1328, '2015-12-05 01:47:12', '2015-12-05 01:47:12'),
(9532, 'Imóveis Residenciais', 9549, '2015-12-05 01:47:32', '2015-12-05 01:47:32'),
(9535, 'Triturador Industrial', 7426, '2015-12-05 01:47:30', '2015-12-05 01:47:30'),
(9544, 'Forno a Gás', 116, '2015-12-05 01:47:04', '2015-12-05 01:47:04'),
(9551, 'Imóveis Comerciais', 9549, '2015-12-05 01:47:32', '2015-12-05 01:47:32'),
(9552, 'Imóveis por Temporada', 9549, '2015-12-05 01:47:32', '2015-12-05 01:47:32'),
(9553, 'Sítios / Chácaras / Fazendas', 9549, '2015-12-05 01:47:32', '2015-12-05 01:47:32'),
(9554, 'Terrenos / Loteamentos', 9549, '2015-12-05 01:47:32', '2015-12-05 01:47:32'),
(9557, 'Pecuária', 7426, '2015-12-05 01:47:30', '2015-12-05 01:47:30'),
(9567, 'Equipamentos / Utensílios  para Comunicação Visual', 7426, '2015-12-05 01:47:30', '2015-12-05 01:47:30'),
(9573, 'Vagas / Pensões', 9549, '2015-12-05 01:47:32', '2015-12-05 01:47:32'),
(9575, 'Remédios', 2949, '2015-12-05 01:47:16', '2015-12-05 01:47:16'),
(9581, 'VoIP', 6420, '2015-12-05 01:47:28', '2015-12-05 01:47:28'),
(9613, 'Dança', 1328, '2015-12-05 01:47:10', '2015-12-05 01:47:10'),
(9624, 'Artigos para Répteis', 247, '2015-12-05 01:47:07', '2015-12-05 01:47:07'),
(9667, 'Artigos Islâmicos', 6016, '2015-12-05 01:47:26', '2015-12-05 01:47:26'),
(9668, 'Artigos para Salão de Beleza', 7426, '2015-12-05 01:47:29', '2015-12-05 01:47:29'),
(9669, 'Aparelho de Telefone com Headset', 6420, '2015-12-05 01:47:28', '2015-12-05 01:47:28'),
(9678, 'Água de Colônia', 249, '2015-12-05 01:47:07', '2015-12-05 01:47:07'),
(9687, 'Joias Religiosas', 9617, '2015-12-05 01:47:33', '2015-12-05 01:47:33'),
(9694, 'Cestas Diet / Light', 246, '2015-12-05 01:47:06', '2015-12-05 01:47:06'),
(9712, 'Bancos', 5845, '2015-12-05 01:47:24', '2015-12-05 01:47:24'),
(9739, 'Cestas Infantis', 246, '2015-12-05 01:47:06', '2015-12-05 01:47:06'),
(9740, 'Acessórios / Peças para Aviões', 3841, '2015-12-05 01:47:23', '2015-12-05 01:47:23'),
(9752, 'Segurança Digital', 2, '2015-12-05 01:47:02', '2015-12-05 01:47:02'),
(9753, 'Peças para Videogame', 2376, '2015-12-05 01:47:13', '2015-12-05 01:47:13'),
(9754, 'Blu-Ray Player / HD-DVD Player', 1, '2015-12-05 01:47:01', '2015-12-05 01:47:01'),
(9762, 'Downloads', 2, '2015-12-05 01:47:02', '2015-12-05 01:47:02'),
(9781, 'Jogo de Dominó', 179, '2015-12-05 01:47:05', '2015-12-05 01:47:05'),
(9794, 'Equipamentos e Móveis para Escolas', 7426, '2015-12-05 01:47:30', '2015-12-05 01:47:30'),
(9795, 'Tapetes de Atividades', 179, '2015-12-05 01:47:05', '2015-12-05 01:47:05'),
(9796, 'Chocolateira', 116, '2015-12-05 01:47:03', '2015-12-05 01:47:03'),
(9797, 'Pipoqueira', 116, '2015-12-05 01:47:04', '2015-12-05 01:47:04'),
(9798, 'Passadeira a Vapor', 116, '2015-12-05 01:47:04', '2015-12-05 01:47:04'),
(9799, 'Moedor de Café', 116, '2015-12-05 01:47:04', '2015-12-05 01:47:04'),
(9800, 'Máquina de Sorvete', 116, '2015-12-05 01:47:04', '2015-12-05 01:47:04'),
(9801, 'Máquina de Gelo', 116, '2015-12-05 01:47:04', '2015-12-05 01:47:04'),
(9812, 'Acessórios para Rádio Amador', 6420, '2015-12-05 01:47:28', '2015-12-05 01:47:28'),
(9813, 'Dermocosméticos', 249, '2015-12-05 01:47:07', '2015-12-05 01:47:07'),
(9820, 'Aquecedor Solar', 5910, '2015-12-05 01:47:25', '2015-12-05 01:47:25'),
(9823, 'Equipamentos para Postos de Combustiveis', 7426, '2015-12-05 01:47:30', '2015-12-05 01:47:30'),
(9825, 'Carros', 3841, '2015-12-05 01:47:23', '2015-12-05 01:47:23'),
(9847, 'Bonecas de Porcelana', 8050, '2015-12-05 01:47:31', '2015-12-05 01:47:31'),
(9855, 'Exaustor Industrial', 7426, '2015-12-05 01:47:30', '2015-12-05 01:47:30'),
(9856, 'Jardinagem', 5910, '2015-12-05 01:47:25', '2015-12-05 01:47:25'),
(9863, 'Purificador de Água', 116, '2015-12-05 01:47:05', '2015-12-05 01:47:05'),
(9872, 'Papai Noel', 5833, '2015-12-05 01:47:24', '2015-12-05 01:47:24'),
(9876, 'Contratipo', 249, '2015-12-05 01:47:07', '2015-12-05 01:47:07'),
(9878, 'Porta-Retrato Digital', 9627, '2015-12-05 01:47:33', '2015-12-05 01:47:33'),
(9880, 'Betoneira', 7426, '2015-12-05 01:47:30', '2015-12-05 01:47:30'),
(9881, 'Acessórios para Equipamentos e Máquinas', 7426, '2015-12-05 01:47:29', '2015-12-05 01:47:29'),
(9907, 'Cercado para Bebê', 3473, '2015-12-05 01:47:18', '2015-12-05 01:47:18'),
(10039, 'Chaleira Elétrica', 116, '2015-12-05 01:47:03', '2015-12-05 01:47:03'),
(10043, 'Medalha', 1328, '2015-12-05 01:47:11', '2015-12-05 01:47:11'),
(10067, 'Outros Acessórios / Peças para Tratores', 3841, '2015-12-05 01:47:23', '2015-12-05 01:47:23'),
(10086, 'Outros Artigos para Hóquei', 1328, '2015-12-05 01:47:11', '2015-12-05 01:47:11'),
(10104, 'Leitor de e-book', 1, '2015-12-05 01:47:01', '2015-12-05 01:47:01'),
(10110, 'Triturador de Alimentos', 116, '2015-12-05 01:47:05', '2015-12-05 01:47:05'),
(10111, 'Cortina de Ar', 116, '2015-12-05 01:47:03', '2015-12-05 01:47:03'),
(10112, 'Moedor de Carne', 116, '2015-12-05 01:47:04', '2015-12-05 01:47:04'),
(10113, 'Fábrica de Massa', 116, '2015-12-05 01:47:03', '2015-12-05 01:47:03'),
(10114, 'Iogurteira', 116, '2015-12-05 01:47:04', '2015-12-05 01:47:04'),
(10115, 'Ralador Elétrico', 116, '2015-12-05 01:47:05', '2015-12-05 01:47:05'),
(10211, 'Estilete', 3484, '2015-12-05 01:47:20', '2015-12-05 01:47:20'),
(10229, 'Lingerie Comestível', 3000, '2015-12-05 01:47:17', '2015-12-05 01:47:17'),
(10230, 'Capa Peniana', 3000, '2015-12-05 01:47:16', '2015-12-05 01:47:16'),
(10231, 'Chaveiro Erótico', 3000, '2015-12-05 01:47:16', '2015-12-05 01:47:16'),
(10232, 'Tablet', 2, '2015-12-05 01:47:02', '2015-12-05 01:47:02'),
(10356, 'Wakeboard', 1328, '2015-12-05 01:47:12', '2015-12-05 01:47:12'),
(10360, 'Bateria para Walkie Talkie', 6420, '2015-12-05 01:47:28', '2015-12-05 01:47:28'),
(10367, 'Chocotone', 5833, '2015-12-05 01:47:24', '2015-12-05 01:47:24'),
(10387, 'Jogo de Carimbos', 179, '2015-12-05 01:47:05', '2015-12-05 01:47:05'),
(10389, 'Kit de Mágicas', 179, '2015-12-05 01:47:05', '2015-12-05 01:47:05'),
(10416, 'Yoga', 1328, '2015-12-05 01:47:12', '2015-12-05 01:47:12'),
(10429, 'Relógio Pedestal', 9617, '2015-12-05 01:47:33', '2015-12-05 01:47:33'),
(10441, 'Acessórios para Medidor de Glicose', 2949, '2015-12-05 01:47:15', '2015-12-05 01:47:15'),
(10512, 'Fliperama', 1328, '2015-12-05 01:47:10', '2015-12-05 01:47:10'),
(10554, 'Cartões Comemorativos', 3484, '2015-12-05 01:47:19', '2015-12-05 01:47:19'),
(10555, 'Embalagem para Presente', 3484, '2015-12-05 01:47:20', '2015-12-05 01:47:20'),
(10556, 'Grafite', 3484, '2015-12-05 01:47:20', '2015-12-05 01:47:20'),
(10557, 'Grampo', 3484, '2015-12-05 01:47:20', '2015-12-05 01:47:20'),
(10559, 'Percevejo', 3484, '2015-12-05 01:47:21', '2015-12-05 01:47:21'),
(10582, 'Acessórios para Inalador / Nebulizador', 2949, '2015-12-05 01:47:15', '2015-12-05 01:47:15'),
(10631, 'Futevolei', 1328, '2015-12-05 01:47:10', '2015-12-05 01:47:10'),
(10658, 'Hidroginástica', 1328, '2015-12-05 01:47:11', '2015-12-05 01:47:11'),
(10701, 'Bote Inflável', 1328, '2015-12-05 01:47:10', '2015-12-05 01:47:10'),
(10702, 'Canoa', 1328, '2015-12-05 01:47:10', '2015-12-05 01:47:10'),
(10704, 'Caça Submarina', 1328, '2015-12-05 01:47:10', '2015-12-05 01:47:10'),
(10721, 'Mesa para Jogos', 1328, '2015-12-05 01:47:11', '2015-12-05 01:47:11'),
(10723, 'Badminton', 1328, '2015-12-05 01:47:10', '2015-12-05 01:47:10'),
(10755, 'Bomba de Vácuo', 5910, '2015-12-05 01:47:25', '2015-12-05 01:47:25'),
(10763, 'Tatuagem', 7426, '2015-12-05 01:47:30', '2015-12-05 01:47:30'),
(10773, 'Artigos Budistas', 6016, '2015-12-05 01:47:26', '2015-12-05 01:47:26'),
(10811, 'Pintura', 7425, '2015-12-05 01:47:29', '2015-12-05 01:47:29'),
(10845, 'Compactador de Solo', 7426, '2015-12-05 01:47:30', '2015-12-05 01:47:30'),
(10847, 'Carrinho de Carga', 7426, '2015-12-05 01:47:30', '2015-12-05 01:47:30'),
(10849, 'Artigos para Oficina', 7426, '2015-12-05 01:47:29', '2015-12-05 01:47:29'),
(10936, 'Media Server', 1, '2015-12-05 01:47:01', '2015-12-05 01:47:01'),
(10958, 'Quadro Branco', 3484, '2015-12-05 01:47:21', '2015-12-05 01:47:21'),
(10959, 'Bloco Adesivo', 3484, '2015-12-05 01:47:19', '2015-12-05 01:47:19'),
(10960, 'Cartão de Ponto', 3484, '2015-12-05 01:47:19', '2015-12-05 01:47:19'),
(10961, 'Colchete', 3484, '2015-12-05 01:47:19', '2015-12-05 01:47:19'),
(10962, 'Folhas para Fichário', 3484, '2015-12-05 01:47:20', '2015-12-05 01:47:20'),
(10963, 'Lâmina para Estilete', 3484, '2015-12-05 01:47:20', '2015-12-05 01:47:20'),
(10964, 'Prendedor de Papel', 3484, '2015-12-05 01:47:21', '2015-12-05 01:47:21'),
(10967, 'Vassoura Elétrica', 116, '2015-12-05 01:47:05', '2015-12-05 01:47:05'),
(10969, 'Cadeira de Descanso para Bebê', 3473, '2015-12-05 01:47:18', '2015-12-05 01:47:18'),
(10970, 'Transferidor', 3484, '2015-12-05 01:47:21', '2015-12-05 01:47:21'),
(10971, 'Esquadro', 3484, '2015-12-05 01:47:20', '2015-12-05 01:47:20'),
(10972, 'Kit Escolar', 3484, '2015-12-05 01:47:20', '2015-12-05 01:47:20'),
(10977, 'Fonte / Cascata de Chocolate', 116, '2015-12-05 01:47:04', '2015-12-05 01:47:04'),
(10981, 'Máquina de Gás para Bebidas', 116, '2015-12-05 01:47:04', '2015-12-05 01:47:04'),
(10984, 'Air Hockey', 1328, '2015-12-05 01:47:10', '2015-12-05 01:47:10'),
(11002, 'Apito', 1328, '2015-12-05 01:47:10', '2015-12-05 01:47:10'),
(11003, 'Porta-Chuteira', 1328, '2015-12-05 01:47:11', '2015-12-05 01:47:11'),
(11013, 'Base de Cadeira para Auto', 3473, '2015-12-05 01:47:18', '2015-12-05 01:47:18'),
(11028, 'Máquina de Waffle', 116, '2015-12-05 01:47:04', '2015-12-05 01:47:04'),
(11101, 'Jogos de Cartas', 179, '2015-12-05 01:47:05', '2015-12-05 01:47:05'),
(11115, 'Máquina de Crepe', 116, '2015-12-05 01:47:04', '2015-12-05 01:47:04'),
(11116, 'Máquina de Cupcake', 116, '2015-12-05 01:47:04', '2015-12-05 01:47:04'),
(11117, 'DLC', 2376, '2015-12-05 01:47:13', '2015-12-05 01:47:13');

-- --------------------------------------------------------

--
-- Estrutura da tabela `users`
--

CREATE TABLE IF NOT EXISTS `users` (
  `id` int(10) unsigned NOT NULL AUTO_INCREMENT,
  `name` varchar(255) COLLATE utf8_unicode_ci NOT NULL,
  `email` varchar(255) COLLATE utf8_unicode_ci NOT NULL,
  `password` varchar(60) COLLATE utf8_unicode_ci NOT NULL,
  `remember_token` varchar(100) COLLATE utf8_unicode_ci DEFAULT NULL,
  `created_at` timestamp NOT NULL DEFAULT '0000-00-00 00:00:00',
  `updated_at` timestamp NOT NULL DEFAULT '0000-00-00 00:00:00',
  PRIMARY KEY (`id`),
  UNIQUE KEY `users_email_unique` (`email`)
) ENGINE=InnoDB DEFAULT CHARSET=utf8 COLLATE=utf8_unicode_ci AUTO_INCREMENT=1 ;

--
-- Constraints for dumped tables
--

--
-- Limitadores para a tabela `products`
--
ALTER TABLE `products`
  ADD CONSTRAINT `products_manufacturer_id_foreign` FOREIGN KEY (`manufacturer_id`) REFERENCES `manufacturers` (`id`),
  ADD CONSTRAINT `products_subcategory_id_foreign` FOREIGN KEY (`subcategory_id`) REFERENCES `subcategories` (`id`);

--
-- Limitadores para a tabela `subcategories`
--
ALTER TABLE `subcategories`
  ADD CONSTRAINT `subcategories_category_id_foreign` FOREIGN KEY (`category_id`) REFERENCES `categories` (`id`);

/*!40101 SET CHARACTER_SET_CLIENT=@OLD_CHARACTER_SET_CLIENT */;
/*!40101 SET CHARACTER_SET_RESULTS=@OLD_CHARACTER_SET_RESULTS */;
/*!40101 SET COLLATION_CONNECTION=@OLD_COLLATION_CONNECTION */;
